mod_folder,name,title,manufacturer,description,TechRequired,category,size_class,size_m,size_source,is_hidden,hidden_reason
ReStockPlus,restock-claw-625-1,Compact Grabbing Unit Jr.,STEADLER Engineering Corps,"A smaller claw for grappling smaller things. Unfortunately, it does not pivot.",actuators,none,Radial,,attachRules/bulkheadProfiles,TRUE,category=none
Squad,GrapplingDevice,Advanced Grabbing Unit,Kerbal Motion LLC,"Kerbal Motion engineers have long struggled with the problem of how to extract dropped tools from complicated machinery. After observing an intern cleaning out his shoes by turning them upside and shaking them inside the lab, our team was hit with a stroke of inspiration! Why not turn the rocket parts upside down and shake them? The grabbing arm perfectly filled this niche, and is quite capable of lifting heavy machinery. It has since found other uses, besides delicate tool extraction operations. AKA ""The Klaw!""",actuators,Coupling,Radial,,attachRules/bulkheadProfiles,FALSE,
Squad,smallClaw,Advanced Grabbing Unit Jr.,Kerbal Motion LLC,"Usually, when you want to improve a part, the first thing any self-respecting Kerbal engineer thinks about is making it bigger and adding more power. Rarely, that's not the ideal solution. Thus was born the AGU jr. Instead of making a bigger claw, Kerbal Motion has designed a smaller one, when you need a small helping hand to latch onto something in those hard to reach places.",actuators,Coupling,Radial,,attachRules/bulkheadProfiles,FALSE,
Squad,GrapplingDevice,Advanced Grabbing Unit,Kerbal Motion LLC,"Kerbal Motion engineers have long struggled with the problem of how to extract dropped tools from complicated machinery. After observing an intern cleaning out his shoes by turning them upside and shaking them inside the lab, our team was hit with a stroke of inspiration! Why not turn the rocket parts upside down and shake them? The grabbing arm perfectly filled this niche, and is quite capable of lifting heavy machinery. It has since found other uses, besides delicate tool extraction operations. AKA ""The Klaw!""",actuators,Coupling,Radial,,attachRules/bulkheadProfiles,FALSE,
SquadExpansion,hinge_01,G-11 Hinge,Moving Parts Experts Group,A medium size actuator that has a variety of uses. Be creative!,actuators,Robotics,Radial,,attachRules/bulkheadProfiles,FALSE,
SquadExpansion,hinge_03,G-12L Alligator Hinge,Moving Parts Experts Group,A medium actuator. Moving Parts Experts Group offers no warranty if you jury rig your own landing legs with them. Our engineers were curious what a warranty is for anyway.,actuators,Robotics,Radial,,attachRules/bulkheadProfiles,FALSE,
SquadExpansion,hinge_04,G-32W Hinge,Moving Parts Experts Group,The largest hinge actuator available. Doubles as an EZ-fold picnic table.,actuators,Robotics,Radial,,attachRules/bulkheadProfiles,FALSE,
SquadExpansion,piston_03,3PT Telescoping Hydraulic Cylinder,Moving Parts Experts Group,"A large telescoping piston. Capable of enormous feats of stretchiness. Rocket engines are still recommended for attempting to reach orbit, however.",actuators,Robotics,Radial,,attachRules/bulkheadProfiles,FALSE,
SquadExpansion,piston_04,1P4 Telescoping Hydraulic Cylinder,Moving Parts Experts Group,A small telescoping piston. Eye protection is mandatory when working with this part.,actuators,Robotics,Radial,,attachRules/bulkheadProfiles,FALSE,
SquadExpansion,rotoServo_02,Rotation Servo F-12,Kerbal Motion LLC,"The flush mounted rotation servo has reduced output but a much sleeker form factor, hiding all the motor bits inside the servo head itself, reducing the space it requires.",actuators,Robotics,Radial,,attachRules/bulkheadProfiles,FALSE,
SquadExpansion,rotoServo_03,Rotation Servo M-12,Kerbal Motion LLC,"A medium, high-torque servo that can rotate attached parts through 360 degrees. Makes sure any evil robots you construct with it can see behind themselves.",actuators,Robotics,Radial,,attachRules/bulkheadProfiles,FALSE,
SquadExpansion,rotoServo_04,Rotation Servo M-25,Kerbal Motion LLC,"A large, high-torque servo that can rotate attached parts through 360 degrees. When you just don't have enough torque for whatever nefarious prupose you have in mind, this is what you use.",actuators,Robotics,Radial,,attachRules/bulkheadProfiles,FALSE,
StationPartsExpansionRedux,sspx-extendable-tube-125-1,B-EX-1 Extensible Crew Tube,Kerbalmax Industries,A specialized crew tube with the ability to extend and attach to almost any part with powerful grappling connectors. Warranty does not cover punctured fuel tanks or similar.,actuators,Coupling,Radial,,attachRules/bulkheadProfiles,FALSE,
StationPartsExpansionRedux,sspx-extendable-tube-25-1,B-EX-2 Extensible Crew Tube,Kerbalmax Industries,"A larger, more comfortable extensible tube with the same warranty precautions as its larger brother.",actuators,Coupling,Radial,,attachRules/bulkheadProfiles,FALSE,
Squad,airbrake1,A.I.R.B.R.A.K.E.S,C7 Aerospace Division,"Research into feasible ways to slow down a plane in mid-air showed that loose hull panels are pretty great as drag-inducing deceleration devices. The discovery led to the invention of the Aerodynamically Integrated Retrograde Braking Robustly Armed Kinetic Extending System (A.I.R.B.R.A.K.E.S.), which is now popular mostly as a cheap alternative to longer runways. C7 Engineers are still trying to come up with a shorter name for such a long acronym.",advAerodynamics,Aero,Radial,,attachRules/bulkheadProfiles,FALSE,
Squad,CanardController,Standard Canard,C7 Aerospace Division,"Our engineers had a stroke of inspiration after ""visiting"" the Kerlington production facilities. Introducing our new controllable canards. Warning, hard maneuvering may cause unintended stage separation.",advAerodynamics,Aero,Radial,,attachRules/bulkheadProfiles,FALSE,
Squad,wingConnector4,Wing Connector Type D,C7 Aerospace Division,Found in a trash bin next to a wing factory.,advAerodynamics,Aero,Radial,,attachRules/bulkheadProfiles,FALSE,
Squad,deltaWing,Delta Wing,C7 Aerospace Division,Standard Delta configuration wings. These wings provide high lift and a stable center of gravity for your everyday lifting needs.,advAerodynamics,Aero,Radial,,attachRules/bulkheadProfiles,FALSE,
Squad,delta_small,Small Delta Wing,C7 Aerospace Division,"This small delta wing has breezed through extensive stress tests and design revisions, mostly because it wasn't involved in any of those. In any case, it should work as a comparatively reliable lifting surface.",advAerodynamics,Aero,Radial,,attachRules/bulkheadProfiles,FALSE,
Squad,elevon2,Elevon 2,C7 Aerospace Division,"Made from the finest materials at hand, these flight surfaces are guaranteed to operate while attached to the craft. However studies have shown that a lack of atmosphere *may* slightly impede function. No refunds.",advAerodynamics,Aero,Radial,,attachRules/bulkheadProfiles,FALSE,
Squad,elevon3,Elevon 3,C7 Aerospace Division,"Made from the finest materials at hand, these flight surfaces are guaranteed to operate while attached to the craft. However studies have shown that a lack of atmosphere *may* slightly impede function. No refunds.",advAerodynamics,Aero,Radial,,attachRules/bulkheadProfiles,FALSE,
Squad,smallCtrlSrf,Elevon 4,C7 Aerospace Division,"Feel the need to attach an elevator, rudder or aileron to just about any surface you can get your mitts on? Well this small elevon is for you. Made of mostly new factory parts, it will fit just about anywhere. Just don't expect a huge performance out of such a small part.",advAerodynamics,Aero,Radial,,attachRules/bulkheadProfiles,FALSE,
Squad,elevon5,Elevon 5,C7 Aerospace Division,"Just another one of these elevon things... wait, this one is swept! Wow!",advAerodynamics,Aero,Radial,,attachRules/bulkheadProfiles,FALSE,
Squad,structuralWing4,Structural Wing Type D,C7 Aerospace Division,"This wing has been constructed out of surplus wing components. Comes complete with ""like new"" finish.",advAerodynamics,Aero,Radial,,attachRules/bulkheadProfiles,FALSE,
Squad,sweptWing1,Swept Wing Type A,C7 Aerospace Division,"This wing has been constructed out of surplus wing components. Comes complete with ""like new"" finish.",advAerodynamics,Aero,Radial,,attachRules/bulkheadProfiles,FALSE,
Squad,smallHardpoint,Small Hardpoint,C7 Aerospace Division,"A structural Pylon for engine Support. Designed to fit against fuselages, and hull bodies. This is the small variant, mostly for use with the smaller engines. Comes Equipped with emergency bolts to separate jet engines in the event of fire or catastrophic failure. (Not covered by warranty)",advAerodynamics,Structural,Radial,,attachRules/bulkheadProfiles,FALSE,
SquadExpansion,FanShroud_02,S-12 Fan Shroud,WinterOwl Aircraft Emporium,This aesthetically pleasing shroud is for a medium ducted fan engine.\n\nHelps reduce the incidence of air crew incidents with them by over 5%!,advAerodynamics,Aero,Radial,,attachRules/bulkheadProfiles,FALSE,
SquadExpansion,FanShroud_03,S-25 Fan Shroud,WinterOwl Aircraft Emporium,This aesthetically pleasing shroud fits a large ducted fan blade.\n\nHelps reduce the incidence of air crew incidents with them by over 5%!,advAerodynamics,Aero,Radial,,attachRules/bulkheadProfiles,FALSE,
SquadExpansion,largeFanBlade,R-25 Ducted Fan Blade,WinterOwl Aircraft Emporium,This large ducted fan propeller can push a lot of air through a small space.,advAerodynamics,Aero,Radial,,attachRules/bulkheadProfiles,FALSE,
SquadExpansion,largeHeliBlade,Helicopter Blade Type S,WinterOwl Aircraft Emporium,Rockets aren't the only way to go up. This large helicopter-style rotor can create lift whenever there's enough atmospheric pressure.,advAerodynamics,Aero,Radial,,attachRules/bulkheadProfiles,FALSE,
SquadExpansion,largePropeller,Propeller Blade Type S,WinterOwl Aircraft Emporium,This blade part can be used to convert lift into thrust if you spin it fast enough. The advanced user can even find this useful on other planets with an atmosphere.,advAerodynamics,Aero,Radial,,attachRules/bulkheadProfiles,FALSE,
SquadExpansion,smallFanBlade,R-062 Ducted Fan Blade,WinterOwl Aircraft Emporium,This small ducted fan propeller can push a lot of air through a small space.,advAerodynamics,Aero,Radial,,attachRules/bulkheadProfiles,FALSE,
SquadExpansion,smallHeliBlade,Helicopter Blade Type A,WinterOwl Aircraft Emporium,Rockets aren't the only way to go up. This small helicopter-style rotor can create lift whenever there's enough atmospheric pressure.,advAerodynamics,Aero,Radial,,attachRules/bulkheadProfiles,FALSE,
SquadExpansion,smallPropeller,Propeller Blade Type A,WinterOwl Aircraft Emporium,This blade part can be used to convert lift into thrust if you spin it fast enough. The advanced user can even find this useful on other planets with an atmosphere.,advAerodynamics,Aero,Radial,,attachRules/bulkheadProfiles,FALSE,
SquadExpansion,RotorEngine_03,R7000 Turboshaft Engine,C7 Aerospace Division,This massive turbine engine consumes liquid fuel and outputs angular acceleration. We'd say it's the most powerful thing you can buy - but it's still not a rocket.,advAerodynamics,Robotics,Radial,,attachRules/bulkheadProfiles,FALSE,
Squad,wheelMed,TR-2L Ruggedized Vehicular Wheel,Kerbal Motion LLC,"The TR-2L is an extremely tough wheel made for mobilizing medium sized vehicles across a large variety of terrain. The extremely high traction tread ensures firm grip on any surface, providing reliability and reducing the chances of being used for high-speed tomfoolery.",advancedMotors,Ground,Radial,,attachRules/bulkheadProfiles,FALSE,
Squad,roverWheel3,RoveMax Model XL3,Kerbal Motion LLC,"The RoveMax Model 3 was developed in total secrecy by Kerbal Motion's R&D team over the course of a year and a half. When it was finally revealed to the company's chairman, he stared in shock, screamed 'WHY', and subsequently dropped dead on the spot.",advancedMotors,Ground,Radial,,attachRules/bulkheadProfiles,FALSE,
SquadExpansion,rotor_03,EM-64 Heavy Rotor,Kerbal Motion LLC,"A large low-torque, high RPM eletric motor. Make sure you don't run out of EC, or it will only be useful as a large lazy susan.",advancedMotors,Robotics,Radial,,attachRules/bulkheadProfiles,FALSE,
SquadExpansion,rotor_03s,EM-64S Heavy Rotor,Kerbal Motion LLC,"A large low-torque, high RPM electric motor. The smaller head allows it to masquearade as a medium rotor - don't be fooled!",advancedMotors,Robotics,Radial,,attachRules/bulkheadProfiles,FALSE,
SquadExpansion,mGripPad,GP-036 Grip Pad,Dinkelstein Kerman's Construction Emporium,A medium size non-slip pad so that the feet of your mecha-bot do not slip out from under it on the shifty sands of Duna. Comes in two form factors and three grip levels.,advancedMotors,Structural,Radial,,attachRules/bulkheadProfiles,FALSE,
SquadExpansion,sGripPad,GP-004 Grip Pad,Dinkelstein Kerman's Construction Emporium,A very small non-slip pad to help make sure rocks do not slip out of the fingers of your mecha-bot. Comes in two form factors and three grip levels.,advancedMotors,Structural,Radial,,attachRules/bulkheadProfiles,FALSE,
SquadExpansion,sGripStrip,GPS-025 Grip Strip,Dinkelstein Kerman's Construction Emporium,A non slip strip. The manufacturer assures us the price is justified and 'going down to the local market and buying a nice doormat' would NOT be just as good.,advancedMotors,Structural,Radial,,attachRules/bulkheadProfiles,FALSE,
ReStockPlus,restock-nosecone-1875-2,Protective Rocket Nose Mk18,Kerbodyne,"For capping off those medium size boosters, you can't beat the Mark 18, unless you're the Mark 19.",advConstruction,Aero,Radial,,attachRules/bulkheadProfiles,FALSE,
ReStockPlus,restock-engineplate-125-1,EP-12 Engine Plate *DEPRECATED DO NOT USE*,Rokea Inc,"A small plate for holding one or more engines. Includes optional boattail to protect first stage engines, or several lengths of shroud. Includes a decoupler for use with upper stages.",advConstruction,none,Small,1.25,bulkheadProfiles,TRUE,category=none
ReStockPlus,restock-engineplate-125-2,EP-12 Engine Plate,Rokea Inc,"A small plate for holding one or more engines. Includes optional boattail to protect first stage engines, or several lengths of shroud. Includes a decoupler for use with upper stages.",advConstruction,Coupling,Small,1.25,bulkheadProfiles,FALSE,
ReStockPlus,restock-decoupler-1875-1,TD-18 Decoupler,O.M.B. Demolition Enterprises,This stack decoupler is a medium sized tool for splitting rockets.,advConstruction,Coupling,Medium,1.875,bulkheadProfiles,FALSE,
ReStockPlus,restock-decoupler-1875-truss-1,TD-18T Truss Decoupler,C7 Aerospace Division,This is a decoupler with hollow bits - suitable for hot-staging engines when you split your rocket in twain.,advConstruction,Coupling,Radial,,attachRules/bulkheadProfiles,FALSE,
ReStockPlus,restock-engineplate-1875-1,EP-18 Engine Plate,Rokea Inc,"A medium sized plate for holding one or more engines, with included decoupler for anything attached below it.",advConstruction,Coupling,Medium,1.875,bulkheadProfiles,FALSE,
ReStockPlus,restock-separator-1875-1,TS-18 Separator,O.M.B. Demolition Enterprises,"This stack separator is a medium sized separator, much like the other separators. Unlike Decouplers, Separators will eject anything connected to themselves. This is good, as it removes the need to worry about which side needs to be pointed away from face. Try to not look at it too much though.",advConstruction,Coupling,Medium,1.875,bulkheadProfiles,FALSE,
ReStockPlus,restock-fairing-base-0625-1,AE-FF0 Airstream Protective Shell (0.625m),FLOOYD Dynamics Research Labs,"While the Kerbals at Mission Control were still figuring out how to get their rockets back down to Kerbin safely, the research engineers at FLOOYD were quickly realising that protecting parts on ascent was just as important. Heavy research into two-dimensional-input driven procedural construction was then funded with the hopes of making protective shells for important payloads and interstage areas of the crafts. The protective shells also have the benefit of making the craft more aerodynamic, hopefully saving on precious rocket fuel! This protective shell is an even tinier size available from FLOOYD.",advConstruction,Payload,Tiny,0.625,bulkheadProfiles,FALSE,
ReStockPlus,restock-service-module-125-625-1,Service Module (1.25m),FLOOYD Dynamics Research Labs,"A small conical service module, for storing parachutes, instruments, and other small devices. Includes an optional docking tunnel.",advConstruction,Payload,Small,1.25,bulkheadProfiles,FALSE,
ReStockPlus,restock-fairing-base-1875-1,AE-FF1-L Airstream Protective Shell (1.875m),FLOOYD Dynamics Research Labs,"While the Kerbals at Mission Control were still figuring out how to get their rockets back down to Kerbin safely, the research engineers at FLOOYD were quickly realising that protecting parts on ascent was just as important. Heavy research into two-dimensional-input driven procedural construction was then funded with the hopes of making protective shells for important payloads and interstage areas of the crafts. The protective shells also have the benefit of making the craft more aerodynamic, hopefully saving on precious rocket fuel! As a result of budget schedule realignments, this protective shell has recently become available.",advConstruction,Payload,Medium,1.875,bulkheadProfiles,FALSE,
ReStockPlus,restock-service-module-1875-1,Service Module (1.875m),FLOOYD Dynamics Research Labs,"A medium sized service module, for storing fuel tanks, batteries, fuel cells, etc.",advConstruction,Payload,Medium,1.875,bulkheadProfiles,FALSE,
ReStockPlus,restock-structural-tube-125-1,TB-125 Structural Tube,Rokea Inc,"A small tube, full of wonderous things. Available in many lengths and even finishes!",advConstruction,Structural,Small,1.25,bulkheadProfiles,FALSE,
ReStockPlus,restock-adapter-1875-125-1,FL-XA15 Adapter,Kerbodyne,Effectively connects small sized 1.25m tubes to larger medium 1.875m tubes.,advConstruction,Structural,Medium,1.875,bulkheadProfiles,FALSE,
ReStockPlus,restock-adapter-1875-25-1,FL-XA30 Adapter,Kerbodyne,Connect two tubes of different size classes together! Oh the kerbality!,advConstruction,Structural,Large,2.5,bulkheadProfiles,FALSE,
ReStockPlus,restock-structural-tube-1875-1,TB-1875 Structural Tube,Rokea Inc,A medium tube for the cylindrically inclined. Available in many lengths and even finishes!,advConstruction,Structural,Medium,1.875,bulkheadProfiles,FALSE,
Squad,pointyNoseConeA,Advanced Nose Cone - Type A,Goliath National Products,Less drag due to pointy shape.,advConstruction,Aero,Radial,,attachRules/bulkheadProfiles,FALSE,
Squad,rocketNoseCone_v2,Protective Rocket Nose Cone Mk7,Goliath National Products,A large nose cone for covering up exposed areas of big rockets.,advConstruction,none,Large,2.5,bulkheadProfiles,TRUE,category=none
Squad,rocketNoseCone_v3,Protective Rocket Nose Cone Mk7,Goliath National Products,A large nose cone for covering up exposed areas of big rockets.,advConstruction,Aero,Large,2.5,bulkheadProfiles,FALSE,
Squad,fairingSize1,AE-FF1 Airstream Protective Shell (1.25m),FLOOYD Dynamics Research Labs,"While the Kerbals at Mission Control were still figuring out how to get their rockets back down to Kerbin safely, the research engineers at FLOOYD were quickly realising that protecting parts on ascent was just as important. Heavy research into two-dimensional-input driven procedural construction was then funded with the hopes of making protective shells for important payloads and interstage areas of the crafts. The protective shells also have the benefit of making the craft more aerodynamic, hopefully saving on precious rocket fuel!",advConstruction,Payload,Small,1.25,bulkheadProfiles,FALSE,
Squad,Separator_1,TS-12 Stack Separator,O.M.B. Demolition Enterprises,"Unlike Decouplers, Separators jettison everything attached to them. This new technology was very well received by rocket engineers everywhere. Not bad for something that started out as a failure for a controlled explosive bolt prototype",advConstruction,Coupling,Small,1.25,bulkheadProfiles,FALSE,
Squad,radialDecoupler1-2,Hydraulic Detachment Manifold,O.M.B. Demolition Enterprises,"After discovering the word ""Manifold"", O.M.B. Engineers decided it would be best to use it in the name of at least ONE product.",advConstruction,Coupling,Radial,,attachRules/bulkheadProfiles,FALSE,
Squad,radialDecoupler2,TT-70 Radial Decoupler,O.M.B. Demolition Enterprises,"The TT-70 Radial Decoupler is an extension of the TT-38K decoupler, with a large truss structure for greater space between mounting points.",advConstruction,Coupling,Radial,,attachRules/bulkheadProfiles,FALSE,
Squad,flagPartSize0,RFP-0 Flag (.625m),Rokea Inc,"A small flag that can be applied to size 0 tanks and other parts with the same curvature to show pride in your mission. Or use a different mission flag, if you really want to go that way.",advConstruction,Utility,Radial,,attachRules/bulkheadProfiles,FALSE,
Squad,largeAdapter2,Rockomax Brand Adapter 02,Rockomax Conglomerate,"A shorter adapter from Rockomax, formed under similar circumstances to its big brother. Coated with spaceproof paint for maximum integrity.",advConstruction,Structural,Large,2.5,bulkheadProfiles,FALSE,
Squad,stackTriCoupler_v2,TVR-1180C Mk1 Stack Tri-Coupler,O.M.B. Demolition Enterprises,"The Stack Tricoupler! If your stack is lacking in awesomeness, this is the tool for you! Just remember that this is not a decoupler, and won't separate stages.",advConstruction,Structural,Small,1.25,bulkheadProfiles,FALSE,
Squad,pointyNoseConeA,Advanced Nose Cone - Type A,Goliath National Products,Less drag due to pointy shape.,advConstruction,Aero,Radial,,attachRules/bulkheadProfiles,FALSE,
Squad,rocketNoseCone,Protective Rocket Nose Cone Mk7,Goliath National Products,A large nose cone for covering up exposed areas of big rockets.,advConstruction,none,Large,2.5,bulkheadProfiles,TRUE,category=none
Squad,largeAdapter2,Rockomax Brand Adapter 02,Rockomax Conglomerate,"A shorter adapter from Rockomax, formed under similar circumstances to its big brother. Coated with spaceproof paint for maximum integrity.",advConstruction,Structural,Large,2.5,bulkheadProfiles,FALSE,
Squad,stackTriCoupler,TVR-1180C Mk1 Stack Tri-Coupler,O.M.B. Demolition Enterprises,"The Stack Tricoupler! If your stack is lacking in awesomeness, this is the tool for you! Just remember that this is not a decoupler, and won't separate stages.",advConstruction,none,Small,1.25,bulkheadProfiles,TRUE,category=none
SquadExpansion,Size_1_5_Cone,Protective Rocket Nosecone Mk5A,Goliath National Products,A midsize nosecone that improves the aerodynamic profile for 1.875m rocket stacks.,advConstruction,Aero,Medium,1.875,bulkheadProfiles,FALSE,
SquadExpansion,EnginePlate1p5,EP-18 Engine Plate,Rokea Inc,Inspired by an upside down birthday cake. Now with added shrouds for windy days. For clustering multiple small engines on small tanks.,advConstruction,Coupling,Medium,1.875,bulkheadProfiles,FALSE,
SquadExpansion,Separator_1p5,TS-18 Stack Separator,O.M.B. Demolition Enterprises,This separator is the response to Kerbals not reading the decoupler instructions properly. Separates both ways.,advConstruction,Coupling,Medium,1.875,bulkheadProfiles,FALSE,
SquadExpansion,Size1p5_Strut_Decoupler,Size 1.5 Decoupler,C7 Aerospace Division,"Borrowed from a local farmer, this decoupler originally housed small animals. Now capable of housing small parts.",advConstruction,Coupling,Radial,,attachRules/bulkheadProfiles,FALSE,
SquadExpansion,fairingSize1p5,AE-FF1.5 Airstream Protective Shell (1.875m),FLOOYD Dynamics Research Labs,"While the Kerbals at Mission Control were still figuring out how to get their rockets back down to Kerbin safely, the research engineers at FLOOYD were quickly realising that protecting parts on ascent was just as important. Heavy research into two-dimensional-input driven procedural construction was then funded with the hopes of making protective shells for important payloads and interstage areas of the crafts. The protective shells also have the benefit of making the craft more aerodynamic, hopefully saving on precious rocket fuel!",advConstruction,Payload,Medium,1.875,bulkheadProfiles,FALSE,
SquadExpansion,Size1to0ServiceModule,SM-6A Service Module,FLOOYD Dynamics Research Labs,"A service bay, with explosive doors. Do not open by hand!",advConstruction,Payload,Small,1.25,bulkheadProfiles,FALSE,
SquadExpansion,ServiceModule18,SM-18 Service Module,FLOOYD Dynamics Research Labs,"A service bay, with explosive doors. Do not open by hand!",advConstruction,Payload,Medium,1.875,bulkheadProfiles,FALSE,
SquadExpansion,Tube1,T-12 Structural Tube,Rokea Inc,Kerbals like to play hide and seek with these small tubes.,advConstruction,Structural,Small,1.25,bulkheadProfiles,FALSE,
SquadExpansion,Tube1p5,T-18 Structural Tube,Rokea Inc,"The Kerbin transportation department is still looking for these tubes, originally intended for the underground system.",advConstruction,Structural,Medium,1.875,bulkheadProfiles,FALSE,
SquadExpansion,flagPartSize1p5,RFP-1.5 Flag (1.875m),Rokea Inc,"A flag that can be applied to size 1.5 tanks and other parts with the same curvature to show pride in your mission. Or use a different mission flag, if you really want to go that way.",advConstruction,Utility,Radial,,attachRules/bulkheadProfiles,FALSE,
SquadExpansion,hinge_01_s,G-00 Hinge,Moving Parts Experts Group,A small actuator that can be used for a variety of purposes. Over 20% of those have something to do with rockets.,advConstruction,Robotics,Radial,,attachRules/bulkheadProfiles,FALSE,
SquadExpansion,hinge_03_s,G-01L Alligator Hinge,Moving Parts Experts Group,"A small actuator with a longer frame that can be used for a variety of purposes. Despite its appearence, clamping Wernher's loose notes together is not an ideal choice.",advConstruction,Robotics,Radial,,attachRules/bulkheadProfiles,FALSE,
SquadExpansion,piston_01,3P6 Hydraulic Cylinder,Moving Parts Experts Group,"Moving Parts Experts Group took one of its landing leg designs, stripped off a few bits, doubled the power, and sold us this piston.",advConstruction,Robotics,Radial,,attachRules/bulkheadProfiles,FALSE,
SquadExpansion,piston_02,1P2 Hydraulic Cylinder,Moving Parts Experts Group,This small piston generates an impressive amount of force. Use with care.,advConstruction,Robotics,Radial,,attachRules/bulkheadProfiles,FALSE,
SquadExpansion,rotoServo_00,Rotation Servo M-06,Kerbal Motion LLC,"A small, high-torque servo that can rotate attached parts through almost 360 degrees. No Kerbals were harmed in the creation of this part. Yet.",advConstruction,Robotics,Radial,,attachRules/bulkheadProfiles,FALSE,
StationPartsExpansionRedux,sspx-adapter-0625-125-1,PAS Flat Adapter,Kerbalmax Industries,Another decorative part for when you need to close off a PAS-series tube and you can't trust your Kerbals to keep that final door shut. Doubles as an adapter to a smaller size.,advConstruction,Structural,Small,1.25,bulkheadProfiles,FALSE,
StationPartsExpansionRedux,sspx-attach-125-1,Pressurized BZ-15 Radial Attachment Point,Kerbalmax Industries,"Sometimes, you need a hatch, but don't have one. The BZ-15 fills this particular niche.",advConstruction,Structural,Radial,,attachRules/bulkheadProfiles,FALSE,
StationPartsExpansionRedux,sspx-tube-125-1,PAS-1 Pressurized Crew Tube,Kerbalmax Industries,"Though we're somewhat unsettled that the manufacturer has chosen to highly publicize the newly pressurized nature of this crew tube, it looks solid enough.",advConstruction,Structural,Radial,,attachRules/bulkheadProfiles,FALSE,
StationPartsExpansionRedux,sspx-tube-125-2,PAS-2 Pressurized Crew Tube,Kerbalmax Industries,"The PAS-1 was so popular that Kerbalmax created the half-length PTD-2 to satisfy demands for more parts. It's a pity they're charging somewhat more than would be expected, especially since the cut lines are still visible.",advConstruction,Structural,Radial,,attachRules/bulkheadProfiles,FALSE,
StationPartsExpansionRedux,sspx-tube-125-3,PAS-3 Pressurized Crew Tube,Kerbalmax Industries,"The PAS-3 is a quarter-size PAS-1, which lacks any kind of fixtures. Useful for unregulated last-mile connections.",advConstruction,Structural,Radial,,attachRules/bulkheadProfiles,FALSE,
StationPartsExpansionRedux,sspx-adapter-1875-0625-1,PMA Narrow Adapter,Kerbalmax Industries,"In the event that a PMA stack needs to get really narrow really fast, use this adapter",advConstruction,Structural,Medium,1.875,bulkheadProfiles,FALSE,
StationPartsExpansionRedux,sspx-adapter-1875-125-1,PMA-PAS Flat Adapter,Kerbalmax Industries,"In case you need to abruptly end a stack, this part might be your ticket.",advConstruction,Structural,Medium,1.875,bulkheadProfiles,FALSE,
StationPartsExpansionRedux,sspx-adapter-1875-125-2,PMA-PAS Adapter,Kerbalmax Industries,Slowly and sedately connect a PMA to PAS stack.,advConstruction,Structural,Medium,1.875,bulkheadProfiles,FALSE,
StationPartsExpansionRedux,sspx-adapter-25-1875-1,PPD-PMA Adapter,Kerbalmax Industries,Seamfully connect larger PPD parts to PMA parts with this adapter!,advConstruction,Structural,Large,2.5,bulkheadProfiles,FALSE,
StationPartsExpansionRedux,sspx-attach-1875-1,PMA-AR Radial Attachment Module,Kerbalmax Industries,Used to connect PMA modules radially to stack attached parts,advConstruction,Structural,Radial,,attachRules/bulkheadProfiles,FALSE,
StationPartsExpansionRedux,sspx-tube-1875-1,PMA-T1 Pressurized Crew Tube,Kerbalmax Industries,"This medium diameter, long crew tube is excellent for structural uses. It doesn't contain any fixtures though.",advConstruction,Structural,Radial,,attachRules/bulkheadProfiles,FALSE,
StationPartsExpansionRedux,sspx-tube-1875-2,PMA-T2 Pressurized Crew Tube,Kerbalmax Industries,"This medium diameter, medium length crew tube is excellent for structural uses. It doesn't contain any fixtures though.",advConstruction,Structural,Radial,,attachRules/bulkheadProfiles,FALSE,
StationPartsExpansionRedux,sspx-tube-1875-3,PMA-T3 Pressurized Crew Tube,Kerbalmax Industries,"This medium diameter, short crew tube is excellent for structural uses. It doesn't contain any fixtures though.",advConstruction,Structural,Radial,,attachRules/bulkheadProfiles,FALSE,
StationPartsExpansionRedux,sspx-tube-1875-angled-1,PMA-1A Angled Pressurized Crew Tube,Kerbalmax Industries,"In some cases, you need to turn hard to starboard, or hard a port. Or gently. I don't know, it's a tube.",advConstruction,Structural,Medium,1.875,bulkheadProfiles,FALSE,
SCANsat,scansat-sar-paz-1,SAR-X Antenna,SCAN: Scientific Committee on Advanced Navigation,"A basic synthetic aperture radar instrument, which sends out radar signals and uses the movement of the satellite during the ping to synthesize recieving them with a much larger dish. Effectively captures high resolution elevation data over a very narraw width from low orbits. Uses a large amount of power but functions in lit and unlit situations.",advElectrics,Science,Radial,,attachRules/bulkheadProfiles,FALSE,
Squad,solarPanels2,SP-L 1x6 Photovoltaic Panels,Probodobodyne Inc,The alternate configuration of the SP Model Photovoltaic Panels.  Includes passive radiators on the reverse side for better heat dissipation.,advElectrics,Electrical,Radial,,attachRules/bulkheadProfiles,FALSE,
Squad,solarPanels4,OX-4L 1x6 Photovoltaic Panels,Probodobodyne Inc,"The OX-4 is similar in design to the SP series solar panels, but without the heavy casing.  Includes passive radiators on the reverse side for better heat dissipation. WARNING: Not retractable once deployed!",advElectrics,Electrical,Radial,,attachRules/bulkheadProfiles,FALSE,
Squad,solarPanels1,SP-W 3x2 Photovoltaic Panels,Probodobodyne Inc,"Probodobodyne branded Photovoltaic Panels are the world standard for power generation, from your own home to the stars. The SP model comes with a protective shroud, allowing recovery when it's no longer needed.  Includes passive radiators on the reverse side for better heat dissipation.",advElectrics,Electrical,Radial,,attachRules/bulkheadProfiles,FALSE,
Squad,solarPanels3,OX-4W 3x2 Photovoltaic Panels,Probodobodyne Inc,"The OX-4 is similar in design to the SP series solar panels, but without the heavy casing. WARNING: Not retractable once deployed!",advElectrics,Electrical,Radial,,attachRules/bulkheadProfiles,FALSE,
Squad,ksp_r_largeBatteryPack,Z-400 Rechargeable Battery,Zaltonic Electronics,"The Z-400 battery pack is a versatile, compact electrical charge storage solution designed for heavier loads than AAAA batteries can handle. Holds one E-size battery with a maximum of 400 units of charge.",advElectrics,Electrical,Radial,,attachRules/bulkheadProfiles,FALSE,
Squad,LgRadialSolarPanel,OX-STAT-XL Photovoltaic Panels,Probodobodyne Inc,"A larger version of the OX-STAT, the XL version features a larger surface area than its smaller cousin while retaining the cost and weight benefits of a static solar panel.",advElectrics,Electrical,Radial,,attachRules/bulkheadProfiles,FALSE,
Squad,foldingRadMed,Thermal Control System (medium),Probodobodyne Inc,A deployable thermal control system consisting of multiple liquid cooled radiator panels.,advElectrics,Thermal,Radial,,attachRules/bulkheadProfiles,FALSE,
Squad,stripLight1,Lightstrip Mk1,Rokea Inc,"A fully functional and utilitarian lighting accessory for professional purposes. This light strip is absolutely not designed to add underglow to your rovers.\n\nWe repeat, this light strip is not meant to bling out your rover.",advElectrics,Utility,Radial,,attachRules/bulkheadProfiles,FALSE,
SquadExpansion,controller1000,KAL-1000 Controller,Moving Parts Experts Group,"A first of its kind, this intelligent programmable controller can manage a number of parts across a vessel.\n\nIts not an entirely autonomous entity... yet...",advElectrics,Robotics,Radial,,attachRules/bulkheadProfiles,FALSE,
SCANsat,scansat-resources-crism-1,SCAN-R Resource Mapper,SCAN: Scientific Committee on Advanced Navigation,"An entry-level resource mapping instrument that works well at low orbital altitudes, though only scans over a very narrow width. Uses a moderate amount of power and functions only in lit situations.",advExploration,Science,Radial,,attachRules/bulkheadProfiles,FALSE,
Squad,cargoContainer,SEQ-9 Container Module,Experimental Engineering Group,"A large 1.25 container capable of storing a wide variety of equipment. Specifically designed for storing precision scientific instruments and protecting them from the rigours of launch, travel and landing on distant planets.\n\nWarning: Contents not pressurized. Risk of Snack Bag explosion >99%.",advExploration,Cargo,Small,1.25,bulkheadProfiles,FALSE,
Squad,evaCylinder,EVA Fuel Cylinders,Reaction Systems Ltd,"When you just don't have enough delta-V to visit all your favorite spots on Minimus, or want to circumnavigate Dres freestyle, you'll want to pack these spare EVA fuel cylinders for extra-long duration EVA trips.\n\nHandily tranfers fuel to your EVA jetpack with a child-proof safety seal.",advExploration,Cargo,,,,FALSE,
Squad,CargoStorageUnit,SEQ-24 Cargo Storage Unit,Experimental Engineering Group,"When you want to bring everything and the kitchen sink, this is the storage unit for you.\n\nCapable of transporting 24 different cargo items, or a small house worth of goods and furniture, you can colonize Duna in style!",advExploration,Cargo,Large,2.5,bulkheadProfiles,FALSE,
Squad,Large_Crewed_Lab,Mobile Processing Lab MPL-LG-2,Integrated Integrals,"No longer are you limited to research facilities only on Kerbin!  With the Mobile Processing Lab, you can conduct long-term experiments and ongoing research with the data you collect in the field.  Be sure to check back on your scientists from time to time, and transmit the results of their research home! This model is guaranteed to spontaneously combust less than previous models, and also has the equipment necessary to clean out and restore functionality to inoperable experiments.",advExploration,Science,Large,2.5,bulkheadProfiles,FALSE,
Squad,telescopicLadder,Kelus Mobility Enhancer,Rokea Inc,"The Kelus Mobility Enhancer comes equipped with advanced telescopic extension technology. Recommended load 0.5 kerbals. After discovering that their name was already in use, Kelus picked their current name with the flip of a coin.",advExploration,Utility,Radial,,attachRules/bulkheadProfiles,FALSE,
Squad,telescopicLadderBay,Kelus-LV Bay Mobility Enhancer,Rokea Inc,"The Kelus-LV Mobility Enhancer Bay comes equipped with advanced telescopic extension technology. Recommended load 1.5 kerbals. After discovering that their name was already in use, Kelus picked their current name with the flip of a coin.",advExploration,Utility,Radial,,attachRules/bulkheadProfiles,FALSE,
SquadExpansion,RobotArmScanner_S1,CRSY Light Scanning Arm,Experimental Engineering Group,"The Experimental Engineering Group managed to successfully adapt technologies from several other manufacturers to produce this once-in-a-lifetime piece of technology.\n\nThe light scanning arm is capable of independent work on distant planets, analyzing the geology and composition of rocks and other surface features with two different instruments.\n\nA masterpiece of engineering and design.",advExploration,Science,Radial,,attachRules/bulkheadProfiles,FALSE,
StationPartsExpansionRedux,sspx-inflatable-centrifuge-125-1,CAF-10 'Bagel' Inflatable Centrifuge Module,Kerbalmax Industries,"Check out this oddly shaped inflatable space bread! Not suitable for consumption. However, once expanded to its 8 metre diameter, it can provide a simulacrum of gravity for those inside of it - up to 0.25g when spinning. Holds up to six Kerbals.",advExploration,Utility,Small,1.25,bulkheadProfiles,FALSE,
StationPartsExpansionRedux,sspx-inflatable-centrifuge-125-2,CAF-5 'Doughnut' Compact Inflatable Centrifuge Module,Kerbalmax Industries,"A compact inflatable centrifuge, this model is distinctly cramped and uncomfortable. It does fit in a small space, however, so could be perfect for those early spacecraft. A diameter of 5 metres is possible when fully inflated, providing up to 0.1g of gravity. Holds up to four Kerbals.",advExploration,Utility,Small,1.25,bulkheadProfiles,FALSE,
StationPartsExpansionRedux,sspx-inflatable-hab-125-1,PAF-2 'Eclair' Inflatable Habitation Module,Kerbalmax Industries,The large model PAF-series inflatable crew container allows a lot more living space for the same mass as a rigid container. Holds up to six crewmembers in relative comfort once expanded.,advExploration,Utility,Small,1.25,bulkheadProfiles,FALSE,
StationPartsExpansionRedux,sspx-inflatable-hab-125-2,PAF-1A 'Volleyball' Inflatable Habitation Module,Kerbalmax Industries,"The smallest inflatable ressembles a volleyball, and has no windows. Though this might not be the best for morale, you can't beat the savings! Holds up to three crew members in slightly cramped quarters once inflated... err, the marketing materials prefer 'expanded'.",advExploration,Utility,Small,1.25,bulkheadProfiles,FALSE,
StationPartsExpansionRedux,sspx-inflatable-hab-125-3,PAF-1B 'Winston' Inflatable Habitation Module,Kerbalmax Industries,"A variation on the basic Winston, additional structural support has been removed in order to make the module vertically as well as horizontally expandable. Unfortunately, this makes the module a little less structurally sound and unable to be used as effectively as a stackable structural component.",advExploration,Utility,Small,1.25,bulkheadProfiles,FALSE,
StationPartsExpansionRedux,sspx-cupola-125-1,PAS-C 'Porthole' Observation Window,Kerbalmax Industries,"This little tin can seems like it would be a beautiful place to contemplate the stars, and it can be placed almost anywhere!",advExploration,Pods,Radial,,attachRules/bulkheadProfiles,FALSE,
StationPartsExpansionRedux,sspx-cupola-1875-1,PMA-C 'Panoptes' Observation Module,Kerbalmax Industries,This multi-ocular observation module allows a decent view of the stars or whatever might be outside at the moment.,advExploration,Pods,Radial,,attachRules/bulkheadProfiles,FALSE,
StationPartsExpansionRedux,sspx-airlock-25-1,PPD-EVAC-U-8 Service Airlock,Kerbalmax Industries,This airlock serves double duty as an EVA centre and a docking port. Great for shuttle cargo bays or large bases.,advExploration,Utility,Radial,,attachRules/bulkheadProfiles,FALSE,
StationPartsExpansionRedux,sspx-habitation-25-1,PPD-20 'Shanty' Habitation Module,Jebediah Kerman's Junkyard and Spacecraft Parts Co,"Though the venerable Hitchhiker gives us a place to easily store Kerbals on-orbit, a larger module can store them for even longer. The Shanty comes equipped with all you need for operating a six-Kerbal space slum - more chairs than beds and even backup supplies of monopropellant and electric charge.",advExploration,Utility,Large,2.5,bulkheadProfiles,FALSE,
StationPartsExpansionRedux,sspx-observation-25-1,PPD-24 'Panorama' Observation Module,Jebediah Kerman's Junkyard and Spacecraft Parts Co,"The PPD-24 is a great addition to any surface or orbital base, and allows for both high visibility and heat loss for the four Kerbals inside. This second-generation model adds surface decoration and reduces the number of airlocks to one.",advExploration,Utility,Large,2.5,bulkheadProfiles,FALSE,
ReStockPlus,restock-pod-sphere-3,SP-3 'Mandarin' Reentry Module,Probodobodyne Inc,"We hired a shady interior decorator to fit three seats into the same space as one. The occupants are no longer able to move their arms to access the controls, but at least they'll probably survive.",advFlightControl,Pods,Small,1.25,bulkheadProfiles,FALSE,
ReStockPlus,restock-mk2-pod,Mk2 'Acorn' Command Pod,Kerlington Model Rockets and Paper Products Inc,"The immediate successor to the Mk1 command pod, the Mk2 seats two kerbals instead of one, and has handy forward-facing windows to enable docking.",advFlightControl,Pods,Medium,1.875,bulkheadProfiles,FALSE,
ReStockPlus,restock-rcs-block-dual-1,RV-102 RCS Thruster Block,STEADLER Engineering Corps,"A spin on a classic, this model removes two of the 105's engines for fewer confusing directions of thrust.",advFlightControl,none,Radial,,attachRules/bulkheadProfiles,TRUE,category=none
ReStockPlus,restock-rcs-block-dual-mini-1,RC-12 RCS Thruster Block,STEADLER Engineering Corps,This miniaturized dual thruster block has a whole quarter of the thrust of its big brother.,advFlightControl,none,Radial,,attachRules/bulkheadProfiles,TRUE,category=none
ReStockPlus,restock-rcs-block-multi-2,RV-105-A RCS Thruster Block,STEADLER Engineering Corps,"An angled variant of the RV-105 RCS block, available in multiple configurations.",advFlightControl,Control,Radial,,attachRules/bulkheadProfiles,FALSE,
ReStockPlus,restock-rcs-block-multi-mini-2,RV-1X-A RCS Thruster Block,STEADLER Engineering Corps,"An angled variant of the RV-1X RCS block, available in multiple configurations.",advFlightControl,Control,Radial,,attachRules/bulkheadProfiles,FALSE,
ReStockPlus,restock-rcs-block-quad-angled-1,RV-105-A RCS Thruster Block,STEADLER Engineering Corps,Angling the thrusters on the standard RV-105 model can produce much better RCS translation in some spacecraft.,advFlightControl,none,Radial,,attachRules/bulkheadProfiles,TRUE,category=none
ReStockPlus,restock-rcs-block-quad-angled-mini-1,RC-14-A RCS Thruster Block,STEADLER Engineering Corps,"This angled block, is, you guessed it, canted slightly for better four way efficiency.",advFlightControl,none,Radial,,attachRules/bulkheadProfiles,TRUE,category=none
ReStockPlus,restock-rcs-block-quad-mini-1,RC-14 RCS Thruster Block,STEADLER Engineering Corps,"A really basic RCS system block, but really small.",advFlightControl,none,Radial,,attachRules/bulkheadProfiles,TRUE,category=none
ReStockPlus,restock-rcs-block-quint-1,RV-105-X RCS Thruster Block,STEADLER Engineering Corps,"Apparently for some space programs, four jets is just plain not enough. After in-the-field observations of the linear RCS Port jammed into RV-105 blocks with electrical tape and pruning shears, STEADLER has released a new RCS block with a fifth perpendicular nozzle.",advFlightControl,none,Radial,,attachRules/bulkheadProfiles,TRUE,category=none
ReStockPlus,restock-rcs-block-qunit-mini-1,RC-15 RCS Thruster Block,STEADLER Engineering Corps,"Miniaturizing five RCS jets into one block wasn't easy, but we have you covered here - if covered refers to the fine misting of toxic gases that qualification models of these thrusters applied to several interns.",advFlightControl,none,Radial,,attachRules/bulkheadProfiles,TRUE,category=none
ReStockPlus,restock-rcs-block-triple-angled-1,RV-103 RCS Thruster Block,STEADLER Engineering Corps,Apparently this is theoretically the most efficient RCS block.,advFlightControl,none,Radial,,attachRules/bulkheadProfiles,TRUE,category=none
ReStockPlus,restock-rcs-block-triple-angled-mini-1,RC-13 RCS Thruster Block,STEADLER Engineering Corps,Check out the three thrusters on this one!,advFlightControl,none,Radial,,attachRules/bulkheadProfiles,TRUE,category=none
ReStockPlus,restock-rcs-single-mini-1,RC-1 RCS Linear RCS Port,STEADLER Engineering Corps,"STEADLER Engineering has worked tirelessly and at considerable expense with Probodobodyne Corp on die shrinking processes for space compute hardware, with resultingly lower assembly line fatality rates. Out of this engineering sprung an oversized communications port which has been repurposed as a reaction control thruster.",advFlightControl,none,Radial,,attachRules/bulkheadProfiles,TRUE,category=none
Squad,advSasModule,Advanced Inline Stabilizer,STEADLER Engineering Corps,"The Advanced Inline Stabilizer module containing a larger, heavier array of reaction wheels. These spin very quickly to create torque without wasting propellant. These larger wheels are driven by proportionally larger electric motors, so keep an eye on your Electricity levels.",advFlightControl,Control,Small,1.25,bulkheadProfiles,FALSE,
Squad,landerCabinSmall,Mk1 Lander Can,Jebediah Kerman's Junkyard and Spacecraft Parts Co,"This capsule was designed for lightweight non-atmospheric landers, and seats a single occupant. Features a novel full-body crumple-zone technology.",advFlightControl,Pods,Small,1.25,bulkheadProfiles,FALSE,
Squad,radialRCSTank,Stratus-V Roundified Monopropellant Tank,Stratus Corporation,"Despite its fanciful name, the Stratus-V is quite simple - a small, radially attachable RCS tank.",advFlightControl,FuelTank,Radial,,attachRules/bulkheadProfiles,FALSE,
Squad,linearRcs,Place-Anywhere 7 Linear RCS Port,Reaction Systems Ltd,"For every space that really needs an RCS thruster, Reaction Systems Ltd has you covered with its new Place-Anywhere 7 Linear RCS Port!",advFlightControl,Control,Radial,,attachRules/bulkheadProfiles,FALSE,
Squad,RCSBlock_v2,RV-105 RCS Thruster Block,STEADLER Engineering Corps,"The recent discovery of a third law of physics made it possible for STEADLER Corps engineers to produce these small monopropellant thrusters, to help with attitude control and linear motion. Even though many Kerbal physicists still dispute the validity of this new law, studies show that the thrusters seem to work as advertised.",advFlightControl,Control,Radial,,attachRules/bulkheadProfiles,FALSE,
Squad,RCSblock_01_small,RV-1X Variable Thruster Block,Reaction Systems Ltd,This small thruster block comes in a variety of variants that offer different RCS horn configurations to solve all your RCS needs.,advFlightControl,Control,Radial,,attachRules/bulkheadProfiles,FALSE,
Squad,RCSLinearSmall,Place Anywhere 1 Linear RCS Port,Reaction Systems Ltd,The smallest RCS thruster available.\n\nUseful when saving a few kilos is more important than snappier controls and is just the thing for those small probes.,advFlightControl,Control,Radial,,attachRules/bulkheadProfiles,FALSE,
Squad,linearRcs,Place-Anywhere 7 Linear RCS Port,Reaction Systems Ltd,"For every space that really needs an RCS thruster, Reaction Systems Ltd has you covered with its new Place-Anywhere 7 Linear RCS Port!",advFlightControl,Control,Radial,,attachRules/bulkheadProfiles,FALSE,
Squad,RCSBlock,RV-105 RCS Thruster Block,STEADLER Engineering Corps,"The recent discovery of a third law of physics made it possible for STEADLER Corps engineers to produce these small monopropellant thrusters, to help with attitude control and linear motion. Even though many Kerbal physicists still dispute the validity of this new law, studies show that the thrusters seem to work as advertised.",advFlightControl,none,Radial,,attachRules/bulkheadProfiles,TRUE,category=none
SquadExpansion,kv3Pod,KV-3 'Pomegranate' Reentry Module,Probodobodyne Inc,Many little Kerbals inside this one. Couldn’t fit more.,advFlightControl,Pods,Small,1.25,bulkheadProfiles,FALSE,
SquadExpansion,Mk2Pod,Mk2 Command Pod,C7 Aerospace Division,Twin-seater for when a single Kerbal feels too lonely.,advFlightControl,Pods,Medium,1.875,bulkheadProfiles,FALSE,
StationPartsExpansionRedux,sspx-core-125-1,PAS-8R 'Pier' Station Core,Kerbalmax Industries,"The low tech Pier provides a place for running a small station and controlling local probes. Can be manned by up to two Kerbals, though it isn't comfy.",advFlightControl,Pods,Radial,,attachRules/bulkheadProfiles,FALSE,
StationPartsExpansionRedux,sspx-core-1875-1,PMA-2 'Quay' Station Core,Kerbalmax Industries,The Quay module serves as a station control point and probe control facility for several kerbals.,advFlightControl,Pods,Radial,,attachRules/bulkheadProfiles,FALSE,
ReStockPlus,restock-fueltank-1875-1,FL-X1800 Liquid Fuel Tank,Jebediah Kerman's Junkyard and Spacecraft Parts Co,The FL-X series is the size-wise successor to the FL-T series and gets you more fuel without running into Rockomax patent territory.,advFuelSystems,FuelTank,Radial,,attachRules/bulkheadProfiles,FALSE,
Squad,adapterSize2-Size1,C7 Brand Adapter - 2.5m to 1.25m,C7 Aerospace Division,"While the popular Rockomax Adapter has served its purpose fairly well over the years, C7 engineers thought they could do better. Improvements of this in-house product include an integrated fuel tank and a longer structural frame.",advFuelSystems,FuelTank,Radial,,attachRules/bulkheadProfiles,FALSE,
Squad,adapterSize2-Size1Slant,C7 Brand Adapter Slanted - 2.5m to 1.25m,C7 Aerospace Division,"While the popular Rockomax Adapter has served its purpose fairly well over the years, C7 engineers thought they could do better. Improvements of this in-house product include an integrated fuel tank and a longer structural frame.",advFuelSystems,FuelTank,Radial,,attachRules/bulkheadProfiles,FALSE,
Squad,RCSTank1-2,FL-R750 RCS Fuel Tank,Jebediah Kerman's Junkyard and Spacecraft Parts Co,A larger-scale version of the standard RCS fuel tank.,advFuelSystems,FuelTank,Large,2.5,bulkheadProfiles,FALSE,
Squad,rcsTankMini,FL-R20 RCS Fuel Tank,Jebediah Kerman's Junkyard and Spacecraft Parts Co,The FL-R20 is a miniature RCS tank for small probes and low volume monopropellant storage.,advFuelSystems,FuelTank,Radial,,attachRules/bulkheadProfiles,FALSE,
Squad,RCSFuelTank,FL-R120 RCS Fuel Tank,Jebediah Kerman's Junkyard and Spacecraft Parts Co,"These fuel tanks store monopropellant for RCS thrusters. New advances in plumbing technology made it possible to route RCS lines to any point in the ship. So unlike liquid fuel tanks, RCS Fuel tanks can be placed anywhere.",advFuelSystems,FuelTank,Small,1.25,bulkheadProfiles,FALSE,
Squad,Rockomax64_BW,Rockomax Jumbo-64 Fuel Tank,Rockomax Conglomerate,"The largest tank available from Rockomax, the Jumbo-64 holds a vast amount of fuel in a friendly orange insulated container. Contrary to popular belief, the Jumbo-64 is NOT orange flavored and should NOT be tasted.",advFuelSystems,FuelTank,Radial,,attachRules/bulkheadProfiles,FALSE,
Squad,fuelTank3-2,Rockomax Jumbo-64 Fuel Tank,Rockomax Conglomerate,"The largest tank available from Rockomax, the Jumbo-64 holds a vast amount of fuel in a friendly orange insulated container. Contrary to popular belief, the Jumbo-64 is NOT orange flavored and should NOT be tasted.",advFuelSystems,none,Radial,,attachRules/bulkheadProfiles,TRUE,category=none
SquadExpansion,Size1p5_Monoprop,FL-R400 RCS Fuel Tank,Stratus Corporation,A larger-scaled version of the standard RCS tank.,advFuelSystems,FuelTank,Medium,1.875,bulkheadProfiles,FALSE,
SquadExpansion,Size1p5_Tank_04,FL-TX1800 Fuel Tank,Jebediah Kerman's Junkyard and Spacecraft Parts Co,"Designed as an intermediary tank between the smaller FL-T series and the larger Rockomax tanks, the FL-TX series helps you get just the right amount of boom.",advFuelSystems,FuelTank,Radial,,attachRules/bulkheadProfiles,FALSE,
StationPartsExpansionRedux,sspx-cargo-container-radial-medium-1,KRDA-T1600 Cargo Container,Kerbin Resource Development Administration,An assembly of sixteen small cargo containers suitable for transport to the far reaches of the solar system. Can store any of a wide variety of cargoes.,advFuelSystems,Payload,Radial,,attachRules/bulkheadProfiles,FALSE,
StationPartsExpansionRedux,sspx-cargo-container-radial-medium-2,KRDA-T800 Cargo Container,Kerbin Resource Development Administration,An assembly of eight small cargo containers suitable for transport to the far reaches of the solar system. Can store any of a wide variety of cargoes.,advFuelSystems,Payload,Radial,,attachRules/bulkheadProfiles,FALSE,
StationPartsExpansionRedux,sspx-cargo-container-radial-small-1,KRDA-O800 Cargo Container,Kerbin Resource Development Administration,An assembly of eight small cargo containers suitable for transport to the far reaches of the solar system. Can store any of a wide variety of cargoes.,advFuelSystems,Payload,Radial,,attachRules/bulkheadProfiles,FALSE,
Squad,HeatShield3,Heat Shield (3.75m),O.M.B. Demolition Enterprises,A large structural heat shield with an integrated fairing,advLanding,Thermal,XL,3.75,bulkheadProfiles,FALSE,
Squad,landingLeg1-2,LT-2 Landing Strut,Moving Parts Experts Group,"The LT-2 Landing Strut offers a heavy-duty method for planting yourself firmly on the ground, without the severe consequences that usually accompany planting yourself firmly on the ground.",advLanding,Ground,Radial,,attachRules/bulkheadProfiles,FALSE,
Squad,parachuteDrogue,Mk25 Parachute,,"The Mk25 is what's known as a ""Drogue"" parachute - small, deploys high up, and certainly not enough to stop you smashing into the ground on its own, but useful for slowing heavy craft down before the deployment of your main chutes.",advLanding,Utility,Radial,,attachRules/bulkheadProfiles,FALSE,
Squad,GearSmall,LY-35 Medium Landing Gear,LightYear Tire Company,High performance retractable landing gear. This bigger version features two large tires to support big and heavy planes. The longer assembly allows for improved ground clearance.,advLanding,Ground,Radial,,attachRules/bulkheadProfiles,FALSE,
SquadExpansion,rotor_01,EM-16 Light Duty Rotor,Kerbal Motion LLC,"A small low-torque, high RPM electric motor",advLanding,Robotics,Radial,,attachRules/bulkheadProfiles,FALSE,
SquadExpansion,rotor_01s,EM-16S Light Duty Rotor,Kerbal Motion LLC,"A small low-torque, high RPM electric motor. The smaller attachment head allows for more power applied to a smaller space. No warranty applies if you attempt to duplicate a blender with it.",advLanding,Robotics,Radial,,attachRules/bulkheadProfiles,FALSE,
StationPartsExpansionRedux,sspx-adjusting-base-125-1,BZ-1 Adjustable Base Frame,Kerbalmax Industries,"This specialized 1.25m assembly mounts three landing pylons for surface bases. Though these pylons lack shock absorbing functions and are thus wholly unsuitable for hard landings, the individually adjustable legs allow easy base leveling. An advanced computer function can even attempt to level itself, if you wish.",advLanding,Ground,Small,1.25,bulkheadProfiles,FALSE,
StationPartsExpansionRedux,sspx-adjusting-base-1875-1,BZ-1B Adjustable Base Frame,Kerbalmax Industries,"This specialized 1.875m assembly mounts three landing pylons for surface bases. Though these pylons lack shock absorbing functions and are thus wholly unsuitable for hard landings, the individually adjustable legs allow easy base leveling. An advanced computer function can even attempt to level itself, if you wish.",advLanding,Ground,Small,1.25,bulkheadProfiles,FALSE,
StationPartsExpansionRedux,sspx-adjusting-stairs-1,B-ST41R Extensible Stairway,Kerbalmax Industries,"After the invention of the technological marvel that is the ladder, Kerbalmax has introduced the tilted ladder, or 'staircase'. Courage.",advLanding,Ground,Radial,,attachRules/bulkheadProfiles,FALSE,
ReStockPlus,restock-airlock-1,AL-1 'Lychee' Inflatable Docking Airlock,Probodobodyne Inc,"Being able to traverse between the inside and outside of things has been a recurring challenge for Kerbals for millennia. This airlock solves that problem in a sleek inflatable package, and includes a docking ring compatible with the Clamp-O-Tron jr. to boot!",advMetalworks,Coupling,Radial,,attachRules/bulkheadProfiles,FALSE,
ReStockPlus,restock-truss-3,Modular Girder Segment XXL,,Compete directly with other space programs in girder size contests with this new Modular Girder product.,advMetalworks,Structural,Radial,,attachRules/bulkheadProfiles,FALSE,
ReStockPlus,restock-truss-hub-1,Modular Girder Hub,,Connect many modular girder segments together in perpendicular orientations with this new product.,advMetalworks,Structural,Radial,,attachRules/bulkheadProfiles,FALSE,
Squad,trussPiece3x,Modular Girder Segment XL,Maxo Construction Toys,Now even bigger! Build larger structures of larger dreams!,advMetalworks,Structural,Radial,,attachRules/bulkheadProfiles,FALSE,
Squad,dockingPort1,Clamp-O-Tron Shielded Docking Port,,"Invented after a peaceful protest against the lack of spacecraft attachment systems turned violent, the Clamp-O-Tron Docking Port allows for the firm attachment of two separate vessels. After docking, vessels can be just as easily undocked. The Shielded version has deployable fins to protect the port during ascent.",advMetalworks,Coupling,Radial,,attachRules/bulkheadProfiles,FALSE,
Squad,stackQuadCoupler,TVR-2160C Mk2 Stack Quad-Coupler,O.M.B. Demolition Enterprises,"What could be more awesome than a Tricoupler? Why, a quadcoupler, of course. Just remember that this is not a decoupler, and will not separate stages.",advMetalworks,Structural,Small,1.25,bulkheadProfiles,FALSE,
Squad,stackSeparatorBig,TR-XL Stack Separator,O.M.B. Demolition Enterprises,"The TR-XL Stack Separator is the largest available from O.M.B, designed for slicing the largest of rockets in twain. Unlike Decouplers, Separators will eject anything connected to themselves. This is good, as it removes the need to worry about which side needs to be pointed away from face. Try to not look at it too much though.",advMetalworks,none,Large,2.5,bulkheadProfiles,TRUE,category=none
Squad,dockingPort1,Clamp-O-Tron Shielded Docking Port,,"Invented after a peaceful protest against the lack of spacecraft attachment systems turned violent, the Clamp-O-Tron Docking Port allows for the firm attachment of two separate vessels. After docking, vessels can be just as easily undocked. The Shielded version has deployable fins to protect the port during ascent.",advMetalworks,Coupling,Radial,,attachRules/bulkheadProfiles,FALSE,
Squad,stackQuadCoupler,TVR-2160C Mk2 Stack Quad-Coupler,O.M.B. Demolition Enterprises,"What could be more awesome than a Tricoupler? Why, a quadcoupler, of course. Just remember that this is not a decoupler, and will not separate stages.",advMetalworks,Structural,Small,1.25,bulkheadProfiles,FALSE,
SquadExpansion,InflatableAirlock,Inflatable Airlock,Jebediah Kerman's Junkyard and Spacecraft Parts Co,"When trying to dock and that last small distance is just too far. This adaptor, with patented extend‘o’matic subsystems for extra portability, will fill the gap. Not to be used as an accordian.",advMetalworks,Coupling,Radial,,attachRules/bulkheadProfiles,FALSE,
StationPartsExpansionRedux,sspx-inflatable-centrifuge-25-1,PPF-C 'Coriolis' Inflatable Centrifuge Module,Kerbalmax Industries,"The largest available inflatable centrifuge provides living area for eight Kerbals in great comfort. Expanded to its diameter of 15m and spinning, it provides a solid 0.5g of gravity, helping with all sorts of health issues. Contains some exercise equipment, a wardroom, common areas - the works!",advMetalworks,Utility,Large,2.5,bulkheadProfiles,FALSE,
StationPartsExpansionRedux,sspx-inflatable-hab-25-1,PPF-A 'Dirigible' Inflatable Habitation Module,Kerbalmax Industries,"The single largest inflatable habitat on the market. Holds many Kerbals (eighteen!) in some comfort. Limited sleeping space means that only nine Kerbals have beds at once - however the others can relax in common areas, take a shower, congregate in a wardroom or take turns at the exercise equipment.",advMetalworks,Utility,Large,2.5,bulkheadProfiles,FALSE,
StationPartsExpansionRedux,sspx-inflatable-hab-25-2,PPF-B 'Blimp' Inflatable Habitation Module,Kerbalmax Industries,"A smaller  but large inflatable habitat. Still, nine Kerbals is a pretty nice amount for its low footprint when compressed. Six beds are available with lots of room to move around. In addition, full shower and toilet facilities are available.",advMetalworks,Utility,Large,2.5,bulkheadProfiles,FALSE,
StationPartsExpansionRedux,sspx-adjusting-base-cradle-125-1,BR-1 Adjustable Base Cradle,Kerbalmax Industries,"Mounting a pair of legs with a narrow spacing (1.25m), this mount can cradle large modules and individually adjust each leg's extension for easy leveling.",advMetalworks,Ground,Radial,,attachRules/bulkheadProfiles,FALSE,
StationPartsExpansionRedux,sspx-adjusting-base-cradle-1875-1,BR-1B Adjustable Base Cradle,Kerbalmax Industries,"Mounting a pair of legs with a somewhat small 1.875m, this mount can cradle large modules and individually adjust each leg's extension for easy leveling.",advMetalworks,Ground,Radial,,attachRules/bulkheadProfiles,FALSE,
StationPartsExpansionRedux,sspx-adjusting-base-cradle-25-1,BR-2 Adjustable Base Cradle,Kerbalmax Industries,"Mounting a pair of legs with a 2.5m spacing, this mount can cradle medium modules and individually adjust each leg's extension for easy leveling.",advMetalworks,Ground,Radial,,attachRules/bulkheadProfiles,FALSE,
StationPartsExpansionRedux,sspx-adjusting-base-cradle-375-1,BR-3 Adjustable Base Cradle,Kerbalmax Industries,"Mounting a pair of legs with a wide spacing (3.75m, in fact), this mount can cradle large modules and individually adjust each leg's extension for easy leveling.",advMetalworks,Ground,Radial,,attachRules/bulkheadProfiles,FALSE,
StationPartsExpansionRedux,sspx-adjusting-base-cradle-5-1,BR-4 Adjustable Base Cradle,Kerbalmax Industries,"Mounting a pair of legs with a very wide spacing of a whole 5m, this mount can cradle extra-large modules and individually adjust each leg's extension for easy leveling.",advMetalworks,Ground,Radial,,attachRules/bulkheadProfiles,FALSE,
StationPartsExpansionRedux,sspx-cargo-25-1,PPD-TRUSS Storage Module,Kerbalmax Industries,The larger PPD-series storage modules can contain a lot of utility parts and stow many things on orbit. Doors with well-machined handles allow access to these... things.,advMetalworks,Payload,Large,2.5,bulkheadProfiles,FALSE,
StationPartsExpansionRedux,sspx-cargo-25-2,PPD-TRUSS-S Storage Module,Kerbalmax Industries,The larger PPD-series storage modules can contain a lot of utility parts and stow many things on orbit. This model is shorter and has two less doors.,advMetalworks,Payload,Large,2.5,bulkheadProfiles,FALSE,
StationPartsExpansionRedux,sspx-attach-375-1,PXL-AR Pressurized Radial Attachment Module,Kerbalmax Industries,"For when you need to connect a really large tube to another really large tube. Oh, and air is a requirement.",advMetalworks,Structural,Radial,,attachRules/bulkheadProfiles,FALSE,
StationPartsExpansionRedux,sspx-tube-375-1,PXL-T1 Pressurized Crew Tube,Kerbalmax Industries,"Large and structurally solid, the PXL-T series is the last word in pressurized spacecraft spines. This model is very large. Has integrated EVA rails.",advMetalworks,Structural,Radial,,attachRules/bulkheadProfiles,FALSE,
StationPartsExpansionRedux,sspx-tube-375-2,PXL-T2 Pressurized Crew Tube,Kerbalmax Industries,"Large and structurally solid, the PXL-T series is the last word in pressurized spacecraft spines. This model is medium-sized. Has integrated EVA rails.",advMetalworks,Structural,Radial,,attachRules/bulkheadProfiles,FALSE,
StationPartsExpansionRedux,sspx-tube-375-3,PXL-T3 Pressurized Crew Tube,Kerbalmax Industries,"Large and structurally solid, the PXL-T series is the last word in pressurized spacecraft spines. This model is petite. Has integrated EVA rails.",advMetalworks,Structural,Radial,,attachRules/bulkheadProfiles,FALSE,
ReStockPlus,restock-fueltank-sphere-1875-1,FL-TX220-R Hemispherical Liquid Fuel Tank,Jebediah Kerman's Junkyard and Spacecraft Parts Co,"Hey, it's a round, hemispherical tank carrying rocket fuel - also available in several colours.",advRocketry,FuelTank,Radial,,attachRules/bulkheadProfiles,FALSE,
ReStockPlus,restock-fueltank-1875-4,FL-X220 Liquid Fuel Tank,Jebediah Kerman's Junkyard and Spacecraft Parts Co,"Diminutively sized, this tank nevertheless can provide sufficient impulse for a well-conceived or spur of the moment burn.",advRocketry,FuelTank,Radial,,attachRules/bulkheadProfiles,FALSE,
ReStockPlus,restock-fueltank-adapter-1875-125-2,FL-XA160 Fuel Tank Adapter,Jebediah Kerman's Junkyard and Spacecraft Parts Co,"Much like its larger brother, this part steps from 1.25m to 1.875m and is chock full of craft-grade rocket fuel.",advRocketry,FuelTank,Radial,,attachRules/bulkheadProfiles,FALSE,
Squad,liquidEngine3_v2,"LV-909 ""Terrier"" Liquid Fuel Engine",Jebediah Kerman's Junkyard and Spacecraft Parts Co,"The 909 model was initially received with some skepticism by spacecraft engineers, as it defied the long-standing convention that ""More Power!"" is always better. Despite this, the 909 series has found its place in the spacecraft construction world, being particularly useful as a final stage and landing engine.",advRocketry,Engine,Small,1.25,bulkheadProfiles,FALSE,
Squad,radialLiquidEngine1-2,"Mk-55 ""Thud"" Liquid Fuel Engine",Rockomax Conglomerate,"After an intensive search for an engineer crazy enough to plan and build a revolutionary new engine type, researchers turned to renowned engineer Eumon Kerman, one of the top minds in the industry. He failed miserably at the job, and this is what we ended up with. Hey, at least it works well with other large (Rockomax) engines when you want more control. Sorry, no combo deals.",advRocketry,Engine,Radial,,attachRules/bulkheadProfiles,FALSE,
Squad,fuelTank,FL-T400 Fuel Tank,Jebediah Kerman's Junkyard and Spacecraft Parts Co,"The FL series was received as a substantial upgrade over previous fuel containers used in the Space Program, generally due to its ability to keep the fuel unexploded more often than not. Fuel tanks are useless if there isn't a Liquid Engine attached under it. They can also be stacked with other fuel tanks to increase the amount of fuel for the engine below.",advRocketry,FuelTank,Radial,,attachRules/bulkheadProfiles,FALSE,
Squad,fireworksLauncherBig,Starshot-32,Reaction Systems Ltd,"Jebediah Kerman eats danger for breakfast, lunch, and dinner at his day job as the KSC resident daredevil pilot. But what does he do when he wants to relax on the weekends? He fills firework canisters at his state of the art junkyard facility.\n\nThe Starshot-32 is a large firework launcher, if this one goes off at the wrong time you may be looking for more than just a refund.",advRocketry,Utility,Radial,,attachRules/bulkheadProfiles,FALSE,
Squad,fireworksLauncherSmall,Starshot-8,Reaction Systems Ltd,"Jebediah Kerman eats danger for breakfast, lunch, and dinner at his day job as the KSC resident daredevil pilot. But what does he do when he wants to relax on the weekends? He fills firework canisters at his state of the art junkyard facility.\n\nThe Starshot-8 has enough fireworks for a quickshow - or you can set up an array of them to really rival the big bangs on the launchpad. Guaranteed to go off when you want them to or the next one is half off.",advRocketry,Utility,Radial,,attachRules/bulkheadProfiles,FALSE,
Squad,liquidEngine3,"LV-909 ""Terrier"" Liquid Fuel Engine",Jebediah Kerman's Junkyard and Spacecraft Parts Co,"The 909 model was initially received with some skepticism by spacecraft engineers, as it defied the long-standing convention that ""More Power!"" is always better. Despite this, the 909 series has found its place in the spacecraft construction world, being particularly useful as a final stage and landing engine.",advRocketry,none,Small,1.25,bulkheadProfiles,TRUE,category=none
Squad,fuelTank,FL-T400 Fuel Tank,Jebediah Kerman's Junkyard and Spacecraft Parts Co,"The FL series was received as a substantial upgrade over previous fuel containers used in the Space Program, generally due to its ability to keep the fuel unexploded more often than not. Fuel tanks are useless if there isn't a Liquid Engine attached under it. They can also be stacked with other fuel tanks to increase the amount of fuel for the engine below.",advRocketry,FuelTank,Radial,,attachRules/bulkheadProfiles,FALSE,
SquadExpansion,Size1p5_Size1_Adapter_02,FL-A151S Fuel Tank Adapter,Jebediah Kerman's Junkyard and Spacecraft Parts Co,These fuel-filled adapters come in a variety of sizes for connecting larger and smaller tanks.,advRocketry,FuelTank,Radial,,attachRules/bulkheadProfiles,FALSE,
SquadExpansion,Size1p5_Tank_01,FL-TX220 Fuel Tank,Jebediah Kerman's Junkyard and Spacecraft Parts Co,"Designed as an intermediary tank between the smaller FL-T series and the larger Rockomax tanks, the FL-TX series helps you get just the right amount of boom.",advRocketry,FuelTank,Radial,,attachRules/bulkheadProfiles,FALSE,
Squad,ISRU,Convert-O-Tron 250,Kerbodyne,"This mobile processing plant can take raw materials containing even trace amounts of oxygen and hydrogen, and crack them into useful fuel products.  When operated by a skilled engineer, you will be able to operate with better efficiency.  These modules operate best at their ideal operating temperatures, and feature auto-shutdown in the event of excessive overheating.  Radiators can be used to help manage excessive heat.",advScienceTech,Utility,Radial,,attachRules/bulkheadProfiles,FALSE,
Squad,MiniDrill,Drill-O-Matic Junior' Mining Excavator,Kerbodyne,"A smaller version of the popular Drill-O-Matic, this drill is designed to help extract valuable resources from the crust of planets and asteroids.  Unlike its larger cousin, this smaller model is only suitable for ore concentrations in excess of 2.5%.  When operated by a skilled engineer, you will be able to operate with better efficiency.  These modules operate best at their ideal operating temperatures, and feature auto-shutdown in the event of excessive overheating.  Radiators can be used to help manage excessive heat.",advScienceTech,Utility,Radial,,attachRules/bulkheadProfiles,FALSE,
Squad,MiniISRU,Convert-O-Tron 125,Kerbodyne,"A smaller version of Kerbodyne's mobile processing plant, this module can take raw materials containing even trace amounts of oxygen and hydrogen, and crack them into useful fuel products.  When operated by a skilled engineer, you will be able to operate with better efficiency.  While this smaller model is lighter than its bigger cousin, it is less efficient, and not designed for long-term operations.  These modules operate best at their ideal operating temperatures, and feature auto-shutdown in the event of excessive overheating.  Radiators can be used to help manage excessive heat.",advScienceTech,Utility,Small,1.25,bulkheadProfiles,FALSE,
Squad,RadialDrill,Drill-O-Matic' Mining Excavator,Kerbodyne,"Designed to help extract valuable resources from the crust of planets and asteroids, the Drill-O-Matic uses a rotary drill combined with an internal transfer auger to pull crushed regolith into holding tanks for later processing.  When operated by a skilled engineer, you will be able to operate with better efficiency.  These modules operate best at their ideal operating temperatures, and feature auto-shutdown in the event of excessive overheating.  Radiators can be used to help manage excessive heat.",advScienceTech,Utility,Radial,,attachRules/bulkheadProfiles,FALSE,
Squad,RadialOreTank,Radial Holding Tank,Jebediah Kerman's Junkyard and Spacecraft Parts Co,"A small radial tank for storing raw materials, or possibly spare snacks.",advScienceTech,FuelTank,Radial,,attachRules/bulkheadProfiles,FALSE,
Squad,SmallTank,Small Holding Tank,Jebediah Kerman's Junkyard and Spacecraft Parts Co,"A small tank for storing raw materials, or possibly spare snacks.",advScienceTech,FuelTank,Radial,,attachRules/bulkheadProfiles,FALSE,
Squad,sensorGravimeter,GRAVMAX Negative Gravioli Detector,Probodobodyne Inc,"A device for capturing and measuring the elusive Negative Gravioli Particle, used for determining the precise strength of gravitational fields. Warranty void if used to detect Positive Gravioli Particles.",advScienceTech,Science,Radial,,attachRules/bulkheadProfiles,FALSE,
SquadExpansion,DeployedIONExp,Ionographer PD-22,Ionic Symphonic Protonic Electronics,"Normally in the business of building things that emit tons of Ions, ISPE has instead turned their hands to this nifty little gadget that helps detect them. \n\nWas it because of their devotion to the expansion of our universe? Or does it have something to do with the special, free filters they built meant to help 'screen out erroneous signals from nearby ion-generating devices'.\n\nNote: Please allow trained Scientists to deploy for best results. <color=orange>Needs a deployed power unit & central station to operate.</color>",advScienceTech,Cargo,,,,FALSE,
SquadExpansion,RobotArmScanner_S3,OP-E Large Scanning Arm,Experimental Engineering Group,"The Experimental Engineering Group's marketing department claims this is another once-in-a-lifetime achievement. We're starting to get suspicious!\n\nNonetheless, this even larger rover arm has four separate instruments, and we can't think of what else they might add, so this is probably the top of the line model from them.",advScienceTech,Science,Radial,,attachRules/bulkheadProfiles,FALSE,
StationPartsExpansionRedux,sspx-aquaculture-375-1,PXL-F15H Aquaculture Module,Kerbalmax Industries,"For additional variety in food production and radiation protection, Kerbalmax has designed the weighty acquculture module. Various tanks hold delicious morsels ranging from smelt, through blowfish, to shramp. Hopefully using radiation shielding as a growing medium won't have any side effects. Has integrated EVA rails.",advScienceTech,Science,XL,3.75,bulkheadProfiles,FALSE,
StationPartsExpansionRedux,sspx-cupola-375-1,PXL-9 'Vista' Astrogation Module,Kerbalmax Industries,"Useful for observing planets, spotting stars and just overall increasing your ship's total window count. Functions as both an observation center and a basic control room. Has integrated EVA rails.",advScienceTech,Pods,XL,3.75,bulkheadProfiles,FALSE,
StationPartsExpansionRedux,sspx-greenhouse-375-1,PXL-R4NCH-3R Hydroponics Module,Kerbalmax Industries,This wide greenhouse module can supply several Kerbals with a sufficient supply of kale to make them wish they didn't have a supply of kale. Has integrated EVA rails.,advScienceTech,Science,XL,3.75,bulkheadProfiles,FALSE,
StationPartsExpansionRedux,sspx-lab-375-1,PXL-2 'Fate' Deep-Space Laboratory Module,Kerbalmax Industries,Doing science in deep space is pretty much the same as doing science in regular space. This well-appointed lab was recently renovated with a full remodel - the owner has added an experiment airlock to complement the modern facilities. Has integrated EVA rails.,advScienceTech,Science,XL,3.75,bulkheadProfiles,FALSE,
StationPartsExpansionRedux,sspx-cupola-greenhouse-125-1,PAS-G 'G4RD3N' Hydroponics Cupola,Post-Kerbin Mining Corporation,"A miniaturized hydroponics capsule from growing decorative or even editable plants, if you have enough intestinal fortitude.",advScienceTech,Science,Radial,,attachRules/bulkheadProfiles,FALSE,
StationPartsExpansionRedux,sspx-cupola-telescope-125-1,PAS-T 'Oculus' Remote Telescope,Post-Kerbin Mining Corporation,A small remotely operated telescope enclosed in a protective cupola. Study the stars or nearby planets from the (relative) safety of your own command capsule.,advScienceTech,Science,Radial,,attachRules/bulkheadProfiles,FALSE,
StationPartsExpansionRedux,sspx-dome-5-1,SDV-G1 'Tholos' Geodesic Dome,Kerbalmax Industries,"The G1 is a novel geodesic dome and is a blank canvas for whatever you want to install inside it. Optionally, up to four attach nodes can be installed at cardinal points for connecting airlocks and other base equipment.",advScienceTech,Utility,Radial,,attachRules/bulkheadProfiles,FALSE,
StationPartsExpansionRedux,sspx-dome-cupola-5-1,SDV-G4 'Astrolabe' Observation Dome,Kerbalmax Industries,"Observation dome with special holographic projection equipment for charting courses, reading horoscopes and high-fidelity virtual reality gaming. Can also be used by a probe control point, holding up to two kerbals. Retains the G1's quartet of optional attach points.",advScienceTech,Pods,Radial,,attachRules/bulkheadProfiles,FALSE,
StationPartsExpansionRedux,sspx-dome-greenhouse-5-1,SDV-G2 'Villa' Cultivation Dome,Kerbalmax Industries,"Installing various hydroponics equipment into a G1 dome creates quite the garden paradise. Can be tended by up to two Kerbals, assuming they don't pilfer the fish from the aquaponics loop. Retains the G1's quartet of optional attach points.",advScienceTech,Science,Radial,,attachRules/bulkheadProfiles,FALSE,
StationPartsExpansionRedux,sspx-dome-habitation-5-1,SDV-G3 'Domus' Habitation Dome,Kerbalmax Industries,The G3 is formed by adding habitation equipment and luxury teak decking to a G1 dome. This model can house up to six happy Kerbals. Retains the G1's quartet of optional attach points.,advScienceTech,Utility,Radial,,attachRules/bulkheadProfiles,FALSE,
ReStockPlus,restock-drone-core-0625-1,RC-XS1 Remote Guidance Unit,STEADLER Engineering Corps,"The smallest remote guidance unit may be tiny, but it'll get you to where you need to go eventually.",advUnmanned,Pods,Tiny,0.625,bulkheadProfiles,FALSE,
ReStockPlus,restock-drone-core-1875-1,RC-M001 Remote Guidance Unit,STEADLER Engineering Corps,"This unit has a low sentience quotient, so you probably won't need to be careful about leaving the pod bay doors open all the time.",advUnmanned,Pods,Medium,1.875,bulkheadProfiles,FALSE,
SCANsat,scansat-multi-msi-1,MS-2A Advanced Multispectral Scanner,SCAN: Scientific Committee on Advanced Navigation,"Examining the optical wavelengths in a number of spectral channels, the advanced scanner model produces low-detail colour images, biome maps and resource distributions. Uses a small amount of power, and only operates in daylight.",advUnmanned,Science,Radial,,attachRules/bulkheadProfiles,FALSE,
Squad,probeStackSmall,RC-001S Remote Guidance Unit,STEADLER Engineering Corps,"The STEADLER RGU core is one of the most complete command units available to date, featuring all the latest guidance systems, plus its own internal set of Reaction Wheels. STEADLER claims this is the closest one can get to a fully self-contained spacecraft. (Some assembly required. Spacecraft sold separately)",advUnmanned,Pods,Small,1.25,bulkheadProfiles,FALSE,
Squad,HECS2_ProbeCore,Probodobodyne HECS2,Probodobodyne Inc,"A larger probe core based on the popular HECS design. With integrated battery banks, specialized flight controls, and a built-in reaction wheel, the HECS2 is a suitable probe core for more advanced satellites.",advUnmanned,Pods,Small,1.25,bulkheadProfiles,FALSE,
Squad,HECS2_ProbeCore,Probodobodyne HECS2,Probodobodyne Inc,"A larger probe core based on the popular HECS design. With integrated battery banks, specialized flight controls, and a built-in reaction wheel, the HECS2 is a suitable probe core for more advanced satellites.",advUnmanned,none,Small,1.25,bulkheadProfiles,TRUE,category=none
ReStockPlus,restock-nosecone-1875-1,Protective Rocket Nose Mk18,Kerbodyne,"Discontinued due to component shortages. For capping off those medium size boosters, you can't beat the Mark 18, unless you're the Mark 19.",aerodynamicSystems,none,Radial,,attachRules/bulkheadProfiles,TRUE,category=none
Squad,airScoop,XM-G50 Radial Air Intake,Vac-Co Advanced Suction Systems,"An intake duct version that can be mounted at the sides of a fuselage. Warranty does not cover engine flame-outs or any objects, inanimate or otherwise, sucked in by the intake. Optimized for subsonic flight.",aerodynamicSystems,Aero,Radial,,attachRules/bulkheadProfiles,FALSE,
Squad,CircularIntake,Circular Intake,C7 Aerospace Division,"A proper turbofan intake, not only provides oxygen to air breathing engines, it pulls in twice as much air than those puny air scoops from Vac-Co. Optimized for subsonic flight.",aerodynamicSystems,Aero,Small,1.25,bulkheadProfiles,FALSE,
Squad,noseConeAdapter,NCS Adapter,C7 Aerospace Division,The base of C7 Aerospace's Nose Cone system (NCS),aerodynamicSystems,Propulsion,Radial,,attachRules/bulkheadProfiles,FALSE,
Squad,standardNoseCone,Small Nose Cone,C7 Aerospace Division,An aerodynamic nose cap.,aerodynamicSystems,Aero,Radial,,attachRules/bulkheadProfiles,FALSE,
Squad,airplaneTailB,Tail Connector B,WinterOwl Aircraft Emporium,This raised variant of our popular airplane tail provides a lot of ground clearance during take-off.,aerodynamicSystems,Aero,Radial,,attachRules/bulkheadProfiles,FALSE,
Squad,wingConnector,Wing Connector Type A,C7 Aerospace Division,A vaguely wing shaped board. Use at your own risk.,aerodynamicSystems,Aero,Radial,,attachRules/bulkheadProfiles,FALSE,
Squad,wingConnector3,Wing Connector Type C,C7 Aerospace Division,A vaguely wing shaped board.,aerodynamicSystems,Aero,Radial,,attachRules/bulkheadProfiles,FALSE,
Squad,structuralWing2,Structural Wing Type B,C7 Aerospace Division,"This wing has been constructed out of surplus wing components. Comes complete with ""like new"" finish.",aerodynamicSystems,Aero,Radial,,attachRules/bulkheadProfiles,FALSE,
Squad,sweptWing2,Swept Wing Type B,C7 Aerospace Division,"This wing has been constructed from surplus wing components. Comes complete with ""like new"" finish.",aerodynamicSystems,Aero,Radial,,attachRules/bulkheadProfiles,FALSE,
Squad,Mark2Cockpit,Mk1 Inline Cockpit,C7 Aerospace Division,A next generation inline cockpit. Designed for sleek high speed aircraft.,aerodynamicSystems,Pods,Small,1.25,bulkheadProfiles,FALSE,
Squad,JetEngine,"J-33 ""Wheesley"" Turbofan Engine",C7 Aerospace Division,A high bypass turbofan engine. This engine works best at low cruising speeds and altitudes.,aerodynamicSystems,Engine,Small,1.25,bulkheadProfiles,FALSE,
Squad,nacelleBody,Engine Nacelle,C7 Aerospace Division,"The Engine Nacelle is a self-contained solution for powering air-breathing engines. It includes some reserve fuel, making it a very practical option. C7 Engineers assure us that these units are quite safe, and that the dents and burn marks will give yours a more unique look. Optimized for subsonic flight; includes very powerful static suction.",aerodynamicSystems,Aero,Radial,,attachRules/bulkheadProfiles,FALSE,
Squad,standardNoseCone,Small Nose Cone,C7 Aerospace Division,An aerodynamic nose cap.,aerodynamicSystems,Aero,Radial,,attachRules/bulkheadProfiles,FALSE,
SquadExpansion,FanShroud_01,S-062 Fan Shroud,WinterOwl Aircraft Emporium,This aesthetically pleasing shroud is for a small ducted fan engine.\n\nHelps reduce the incidence of air crew incidents with them by over 5%!,aerodynamicSystems,Aero,Radial,,attachRules/bulkheadProfiles,FALSE,
SquadExpansion,noseconeTiny,Tiny Nosecone,C7 Aerospace Division,"A tiny nosecap for important, but small applications.\n\nDo not let Jeb borrow it to use as a hat.",aerodynamicSystems,Aero,Radial,,attachRules/bulkheadProfiles,FALSE,
SquadExpansion,noseconeVS,Very Small Nosecone,C7 Aerospace Division,A small nosecap for aerodynamic streamlining. Its primary use is for rotors.,aerodynamicSystems,Aero,Radial,,attachRules/bulkheadProfiles,FALSE,
SquadExpansion,mediumFanBlade,R-12 Ducted Fan Blade,WinterOwl Aircraft Emporium,This medium ducted fan propeller can push a lot of air through a small space.,aerodynamicSystems,Aero,Radial,,attachRules/bulkheadProfiles,FALSE,
SquadExpansion,mediumHeliBlade,Helicopter Blade Type B,WinterOwl Aircraft Emporium,Rockets aren't the only way to go up. This medium helicopter-style rotor can create lift whenever there's enough atmospheric pressure.,aerodynamicSystems,Aero,Radial,,attachRules/bulkheadProfiles,FALSE,
SquadExpansion,mediumPropeller,Propeller Blade Type B,WinterOwl Aircraft Emporium,This blade part can be used to convert lift into thrust if you spin it fast enough. The advanced user can even find this useful on other planets with an atmosphere.,aerodynamicSystems,Aero,Radial,,attachRules/bulkheadProfiles,FALSE,
SquadExpansion,RotorEngine_02,R121 Turboshaft Engine,C7 Aerospace Division,This strong turbine engine consumes liquid fuel and outputs angular acceleration. Also emits a pleasently high pitched whine.,aerodynamicSystems,Robotics,Radial,,attachRules/bulkheadProfiles,FALSE,
Squad,RAPIER,CR-7 R.A.P.I.E.R. Engine,C7 Aerospace Division and Rockomax Conglomerate,"The R.A.P.I.E.R. (Reactive Alternate-Propellant Intelligent Engine for Rockets) is a joint venture between C7 Aerospace and the Rockomax Conglomerate. Designed to fill a gap in the design requirements for sustainable single stage to orbit aircraft, this engine combines the best of rocket and air-breathing thrust technology.",aerospaceTech,Engine,Small,1.25,bulkheadProfiles,FALSE,
Squad,mk2DroneCore,MK2 Drone Core,C7 Aerospace Division,"After extensive research and testing to improve the safety factor of next-generation modules for their Mk2 series, engineers at C7 Aerospace got fed up with having to constantly find new recruits willing to test their prototypes, and decided to develop an autonomous AI capable of doing the same job, only with a lot less screaming over the comms link. This was met with divided opinions, some criticizing C7 as taking the ""booooring"" route, others praising them for the innovation, while yet others reacted by shutting themselves in bunkers in anticipation of the time when these units will gain sentience and turn on their creators. C7 has vehemently denied any involvement in all sentient-AI-related catastrophes so far.",automation,Pods,MK2,,bulkheadProfiles,FALSE,
Squad,commDish,Communotron 88-88,Ionic Symphonic Protonic Electronics,"The Communotron 88-88 directional antenna allows for far more reliable communication at longer ranges than previous models. This is thanks in part to its patented parabolic folding design, which our research team maintains was not inspired by an umbrella.",automation,Communication,Radial,,attachRules/bulkheadProfiles,FALSE,
Squad,RelayAntenna100,RA-100 Relay Antenna,Ionic Symphonic Protonic Electronics,A relay antenna with automatic store and forward capabilities as well as advanced pathfinding algorithms.,automation,Communication,Radial,,attachRules/bulkheadProfiles,FALSE,
Squad,sweptWing,Swept Wings,WinterOwl Aircraft Emporium,"A prototype swept back wing, part of our ""Let's Fly"", line. Made of light weight composite materials. Guaranteed to generate lift, not guaranteed to ensure crew safety.",aviation,Aero,Radial,,attachRules/bulkheadProfiles,FALSE,
Squad,tailfin,Tail Fin,C7 Aerospace Division,This tailfin has passed extensive modeling in our patented P.A.S system.(Paper Airplane Simulation). This fin has been blunted to prevent accidental dismemberment of installing technicians.,aviation,Aero,Radial,,attachRules/bulkheadProfiles,FALSE,
Squad,airplaneTail,Tail Connector A,WinterOwl Aircraft Emporium,"A simple aerodynamic tail for aircraft. Designed to fit onto all standard 1.25m attachments, this part is the embodiment of our ""Let's Fly"", line of parts.",aviation,Aero,Radial,,attachRules/bulkheadProfiles,FALSE,
Squad,miniIntake,Small Circular Intake,C7 Aerospace Division,"A must-have for air breathing engines, this intake duct will pull in outside air to run turbine engines on, as long as there is any outside air to begin with, of course. Optimized for subsonic flight.",aviation,Aero,Tiny,0.625,bulkheadProfiles,FALSE,
Squad,wingConnector2,Wing Connector Type B,C7 Aerospace Division,A vaguely wing shaped board. Use at your own risk.,aviation,Aero,Radial,,attachRules/bulkheadProfiles,FALSE,
Squad,wingConnector5,Wing Connector Type E,C7 Aerospace Division,Found in a trash bin next to a wing factory.,aviation,Aero,Radial,,attachRules/bulkheadProfiles,FALSE,
Squad,StandardCtrlSrf,Elevon 1,C7 Aerospace Division,"Made from the finest materials at hand, these flight surfaces are guaranteed to operate while attached to the craft. However studies have shown that a lack of atmosphere *may* slightly impede function. No refunds.",aviation,Aero,Radial,,attachRules/bulkheadProfiles,FALSE,
Squad,structuralWing3,Structural Wing Type C,C7 Aerospace Division,"This wing has been constructed out of surplus wing components. Comes complete with ""like new"" finish.",aviation,Aero,Radial,,attachRules/bulkheadProfiles,FALSE,
Squad,Mark1Cockpit,Mk1 Cockpit,C7 Aerospace Division,C7 Aerospace is proud to present our second generation cockpit. This unit is equipped to ensure survival in some of the worst conditions possible. The extra re-enforcement has slightly increased the weight.,aviation,Pods,Small,1.25,bulkheadProfiles,FALSE,
Squad,miniJetEngine,"J-20 ""Juno"" Basic Jet Engine",C7 Aerospace Division,"A small turbojet. Not very efficient, anemic thrust, but hey--it's cheap! And it's so cute...look at the little thing!",aviation,Engine,Tiny,0.625,bulkheadProfiles,FALSE,
Squad,miniFuselage,Mk0 Liquid Fuel Fuselage,C7 Aerospace Division,A small container for jet fuel.,aviation,Propulsion,Radial,,attachRules/bulkheadProfiles,FALSE,
Squad,MK1Fuselage,Mk1 Liquid Fuel Fuselage,C7 Aerospace Division,"A standard fuselage that carries fuel for spaceplanes. This one is chock-full of jet fuel. Not as resistant as its counterparts, but jet fuel is more efficient than the other fuels, without mentioning lighter.",aviation,FuelTank,Radial,,attachRules/bulkheadProfiles,FALSE,
Squad,navLight1,Navigation Light Mk1,C7 Aerospace Division,"Craft use navigation lights to make it easier to identify them at night, and to tell an observer which side of the craft they are seeing.\n\nRed goes on the port/left side, and green goes on the starboard/right side.",aviation,Utility,Radial,,attachRules/bulkheadProfiles,FALSE,
Squad,GearFixed,LY-01 Fixed Landing Gear,LightYear Tire Company,"Simple wheel-on-a-stick Landing Gear to bring your birds down safely. (That means your airplanes, LightYear Co. does not encourage attempting to attach landing gear to actual birds)",aviation,Ground,Radial,,attachRules/bulkheadProfiles,FALSE,
Squad,GearFree,LY-05 Steerable Landing Gear,LightYear Tire Company,Simple wheel with steering actuation. It has become evident that aerodynamic control surfaces don't offer much control while slowly taxiing on the ground. Hopefully these wheels will reduce the number of low altitude low speed collisions with buildings. And Kerbals.,aviation,Ground,Radial,,attachRules/bulkheadProfiles,FALSE,
ReStockPlus,restock-engine-125-pug,LV-303 'Pug' Liquid Fuel Engine,Jebediah Kerman's Junkyard and Spacecraft Parts Co,What a cute little engine! All dressed up and ready for Baby's First Upper Stage.,basicRocketry,Engine,Radial,,attachRules/bulkheadProfiles,FALSE,
ReStockPlus,restock-engine-125-valiant,LV-T15 'Valiant' Liquid Fuel Engine,Jebediah Kerman's Junkyard and Spacecraft Parts Co,"The first (well, the first that didn't regularly explode) model in the famed LV series of engines. Just enough to get you flying, and it even offers such startling amenities as ""throttle"" and ""gimbal"".",basicRocketry,Engine,Radial,,attachRules/bulkheadProfiles,FALSE,
Squad,liquidEngine2,"LV-T45 ""Swivel"" Liquid Fuel Engine",Jebediah Kerman's Junkyard and Spacecraft Parts Co,"The LV-T45 engine was considered a breakthrough in the LV-T series due to its Thrust Vectoring feature. The LV-T45 can deflect its thrust to aid in craft control. All these added mechanics however, make for a slightly smaller and heavier engine in comparison with other LV-T models.",basicRocketry,none,Small,1.25,bulkheadProfiles,TRUE,category=none
Squad,liquidEngine2_v2,"LV-T45 ""Swivel"" Liquid Fuel Engine",Jebediah Kerman's Junkyard and Spacecraft Parts Co,"The LV-T45 engine was considered a breakthrough in the LV-T series due to its Thrust Vectoring feature. The LV-T45 can deflect its thrust to aid in craft control. All these added mechanics however, make for a slightly smaller and heavier engine in comparison with other LV-T models.",basicRocketry,Engine,Small,1.25,bulkheadProfiles,FALSE,
Squad,solidBooster_v2,"RT-10 ""Hammer"" Solid Fuel Booster",,"Packing a powerful punch for its size, The RT-10 is widely used in many space programs, whenever the need to save cash is greater than the need to keep astronauts alive.",basicRocketry,Engine,Radial,,attachRules/bulkheadProfiles,FALSE,
Squad,fuelTankSmallFlat,FL-T100 Fuel Tank,Jebediah Kerman's Junkyard and Spacecraft Parts Co,"The T100 is a miniature fuel tank made to be even more adorable than its bigger brother, the T200. Handle stoically and with care.",basicRocketry,FuelTank,Radial,,attachRules/bulkheadProfiles,FALSE,
Squad,solidBooster,"RT-10 ""Hammer"" Solid Fuel Booster",,"Packing a powerful punch for its size, The RT-10 is widely used in many space programs, whenever the need to save cash is greater than the need to keep astronauts alive.",basicRocketry,none,Radial,,attachRules/bulkheadProfiles,TRUE,category=none
Squad,fuelTankSmallFlat,FL-T100 Fuel Tank,Jebediah Kerman's Junkyard and Spacecraft Parts Co,"The T100 is a miniature fuel tank made to be even more adorable than its bigger brother, the T200. Handle stoically and with care.",basicRocketry,FuelTank,Radial,,attachRules/bulkheadProfiles,FALSE,
JSI,JSIPrimitiveExternalCamera_v2,JSI External Radial-mount Camera,Junk Systems Inc.,"Customers who like multi-function displays with JSI software keep looking around for simple external camera options. This is a most primitive camera, but it works fine when you don't have a better one. No, it's not just a Spider engine with white paint, we have standards here!",basicScience,Utility,Radial,,attachRules/bulkheadProfiles,FALSE,
JSI,JSIPrimitiveExternalCamera,JSI External Radial-mount Camera,Junk Systems Inc.,"Customers who like multi-function displays with JSI software keep looking around for simple external camera options. This is a most primitive camera, but it works fine when you don't have a better one. No, it's not just an RCS thruster with lens painted on, we have standards here!",basicScience,none,Radial,,attachRules/bulkheadProfiles,TRUE,category=none
ReStockPlus,restock-materialbay-radial-1,SC-9001R Radial Science Jr.,Experimental Engineering Group,"The radial variant of the Science Jr. has the same set of experiments as the regular Science Jr. Material Bay, but in a convenient, radial-mountable package. Recommended for ages 4-8. Small parts inside make it not suitable for small children.",basicScience,Science,Radial,,attachRules/bulkheadProfiles,FALSE,
ReStockPlus,restock-sciencebox-stack-1,Experiment Return Unit,Experimental Engineering Group,"Since science experiments kept getting destroyed before being recovered, our kerbal engineers designed the Experiment Return Unit in a conical shape to better survive the rigors of atmospheric reentry. Heat shield sold separately.",basicScience,Science,Small,1.25,bulkheadProfiles,FALSE,
SCANsat,scansat-multi-modis-1,MS-1 Multispectral Scanner,SCAN: Scientific Committee on Advanced Navigation,"This lower resolution multispectral scanner observes light reflected off a target's surface to deliver low-detail color and biome maps. Because of the entry-level components in this scanner model, it must be placed in lower orbits to operate effectively, and cannot be detect resources. Uses a small amount of power, and only operates in daylight.",basicScience,Science,Radial,,attachRules/bulkheadProfiles,FALSE,
SCANsat,scansat-radar-poseidon-3b-1,R-3B Radar Altimeter,SCAN: Scientific Committee on Advanced Navigation,The high precision radar altimeter allows collection of basic elevation data in a very narrow swath below the satellite. Uses a moderate amount of power and functions in lit and unlit situations.,basicScience,Science,Radial,,attachRules/bulkheadProfiles,FALSE,
Squad,probeCoreSphere_v2,Probodobodyne Stayputnik,Probodobodyne Inc,"The Stayputnik offers the ultimate solution in crew safety. A lightweight sphere equipped with remote receivers and relay control input from the ground to the craft, it carries no crew at all, thus keeping them perfectly safe from all harm. This device does require electricity to operate however, and will cease to function if the power runs out. The built-in batteries should keep it going for about 10 minutes.",basicScience,Pods,Tiny,0.625,bulkheadProfiles,FALSE,
Squad,batteryPack,Z-100 Rechargeable Battery Pack,Zaltonic Electronics,The Z-100 battery pack is the standard model for electrical applications. Holds two (2) AAAA batteries and holds a maximum 100 units of charge.,basicScience,Electrical,Radial,,attachRules/bulkheadProfiles,FALSE,
Squad,science_module,SC-9001 Science Jr.,Experimental Engineering Group,"The SC-9001 is a cutting edge, self contained laboratory. Have you ever wondered what happens to something in zero G? Or, have you ever pondered the truly meaningful questions? Such as what would happen if I exposed this to the rigors of stellar radiation and unforgiving vacuum? Comes with complimentary notepad. Recommended for ages 4-8. Small parts inside make it not suitable for small children.",basicScience,Science,Radial,,attachRules/bulkheadProfiles,FALSE,
Squad,ScienceBox,Experiment Storage Unit,Experimental Engineering Group,"After discovering that old snack boxes were also really effective at storing mystery goo and data tapes, Kerbal scientists created the Experiment Storage Unit to help Kerbalnauts bring their valuable science back to Kerbin, while avoiding the hazards of reentry, rough landings, and Jeb's piloting skills.",basicScience,Science,Radial,,attachRules/bulkheadProfiles,FALSE,
Squad,radPanelEdge,Radiator Panel (edge),Probodobodyne Inc,A radially attachable radiator panel to help dissipate heat into space.,basicScience,Thermal,Radial,,attachRules/bulkheadProfiles,FALSE,
Squad,radPanelLg,Radiator Panel (large),Probodobodyne Inc,A radially attachable radiator panel to help dissipate heat into space.,basicScience,Thermal,Radial,,attachRules/bulkheadProfiles,FALSE,
Squad,HighGainAntenna5,HG-5 High Gain Antenna,Ionic Symphonic Protonic Electronics,A short range dual purpose communications antenna that can handle either direct communications or short range relays,basicScience,none,Radial,,attachRules/bulkheadProfiles,TRUE,category=none
Squad,HighGainAntenna5_v2,HG-5 High Gain Antenna,Ionic Symphonic Protonic Electronics,A short range dual purpose communications antenna that can handle either direct communications or short range relays,basicScience,Communication,Radial,,attachRules/bulkheadProfiles,FALSE,
Squad,probeCoreSphere,Probodobodyne Stayputnik,Probodobodyne Inc,"The Stayputnik offers the ultimate solution in crew safety. A lightweight sphere equipped with remote receivers and relay control input from the ground to the craft, it carries no crew at all, thus keeping them perfectly safe from all harm. This device does require electricity to operate however, and will cease to function if the power runs out. The built-in batteries should keep it going for about 10 minutes.",basicScience,none,Tiny,0.625,bulkheadProfiles,TRUE,category=none
ReStockPlus,restock-service-bay-1875-1,Service Bay (1.875m),,"A medium sized heat resistant service bay, ideal for protecting delicate instruments or stowing small service components such as RCS tanks, batteries, etc.",commandModules,Payload,Medium,1.875,bulkheadProfiles,FALSE,
Squad,cupola,PPD-12 Cupola Module,Jebediah Kerman's Junkyard and Spacecraft Parts Co,"The PPD-12 was developed to provide a high visibility control room for orbital stations, and a place for thoughtful Kerbals to contemplate the beauty of the cosmos.",commandModules,Pods,Large,2.5,bulkheadProfiles,FALSE,
Squad,mk1-3pod,Mk1-3 Command Pod,Kerlington Model Rockets and Paper Products Inc,"This modern cockpit includes space for three crew members, and integrated RCS thrusters.",commandModules,Pods,Large,2.5,bulkheadProfiles,FALSE,
Squad,mk2LanderCabin,Mk2 Lander Can,Sean's Cannery,"This cozy capsule seats two, and is very lightweight. However, don't expect it to survive atmospheric entry or even a sneeze.",commandModules,none,Large,2.5,bulkheadProfiles,TRUE,category=none
Squad,mk2LanderCabin_v2,Mk2 Lander Can,Sean's Cannery,"This cozy capsule seats two, and is very lightweight. However, don't expect it to survive atmospheric entry or even a sneeze.",commandModules,Pods,Large,2.5,bulkheadProfiles,FALSE,
Squad,ServiceBay_250_v2,Service Bay (2.5m),,"A heat resistant service bay, ideal for protecting delicate instruments or stowing small service components such as RCS tanks, batteries, etc.",commandModules,Payload,Large,2.5,bulkheadProfiles,FALSE,
Squad,Mark1-2Pod,Mk1-2 Command Pod,Kerlington Model Rockets and Paper Products Inc,This modern cockpit is designed to be fully re-useable. Its spacious cabin can hold a maximum of 3 crew.,commandModules,none,Large,2.5,bulkheadProfiles,TRUE,category=none
Squad,ServiceBay_250,Service Bay (2.5m),,"A heat resistant service bay, ideal for protecting delicate instruments or stowing small service components such as RCS tanks, batteries, etc.",commandModules,none,Large,2.5,bulkheadProfiles,TRUE,category=none
SquadExpansion,MEMLander,Munar Excursion Module (M.E.M.),Sean's Cannery,"After hearing pilots refer to their current line of landers as 'easily crushed tin cans', the marketing department decided that what customers really wanted was a lander that resembled an already crushed tin can.",commandModules,Pods,Medium,1.875,bulkheadProfiles,FALSE,
ReStockPlus,restock-engineplate-375-1,EP-37 Engine Plate,Rokea Inc,"A gigantic plate for holding one or more engines, with included decoupler for anything attached below it.",composites,Coupling,XL,3.75,bulkheadProfiles,FALSE,
ReStockPlus,restock-structural-tube-375-1,TB-375 Structural Tube,Rokea Inc,A larger tube for those who wish to store things. Available in many lengths and even finishes!,composites,Structural,XL,3.75,bulkheadProfiles,FALSE,
Squad,rocketNoseConeSize3,Protective Rocket Nose Cone Mk12A,Goliath National Products,A huge nosecone to help make 3.75 rockets cut through the air.,composites,Aero,XL,3.75,bulkheadProfiles,FALSE,
Squad,fairingSize3,AE-FF3 Airstream Protective Shell (3.75m),FLOOYD Dynamics Research Labs,"While the Kerbals at Mission Control were still figuring out how to get their rockets back down to Kerbin safely, the research engineers at FLOOYD were quickly realising that protecting parts on ascent was just as important. Heavy research into two-dimensional-input driven procedural construction was then funded with the hopes of making protective shells for important payloads and interstage areas of the crafts. The protective shells also have the benefit of making the craft more aerodynamic, hopefully saving on precious rocket fuel!",composites,Payload,XL,3.75,bulkheadProfiles,FALSE,
Squad,Separator_3,TS-37 Stack Separator,O.M.B. Demolition Enterprises,This separator is dangerous whichever way you look at it. Be cautious when armed.,composites,Coupling,XL,3.75,bulkheadProfiles,FALSE,
Squad,structuralIBeam2,M-Beam 200 I-Beam,Dinkelstein Kerman's Construction Emporium,"Handcrafted by Dinkelstein himself, the M-Beam 200 works great for making rockets and skyscrapers alike.",composites,Structural,Radial,,attachRules/bulkheadProfiles,FALSE,
Squad,structuralIBeam3,M-Beam 200 I-Beam Pocket Edition,Dinkelstein Kerman's Construction Emporium,"Handcrafted by Dinkelstein himself, the M-Beam 200 works great for making rockets and skyscrapers alike. This one's half as long as the normal version, for building smaller skyscrapers and/or rockets.",composites,Structural,Radial,,attachRules/bulkheadProfiles,FALSE,
Squad,structuralIBeam1,M-Beam 650 I-Beam,Dinkelstein Kerman's Construction Emporium,"A wide, upscaled version of the M-Beam 200 I-Beam. Dinkelstein loves variety, man.",composites,Structural,Radial,,attachRules/bulkheadProfiles,FALSE,
Squad,structuralPanel1,M-1x1 Structural Panel,Dinkelstein Kerman's Construction Emporium,"A sturdy metal plate, perfect for constructing all sorts of things.",composites,Structural,Radial,,attachRules/bulkheadProfiles,FALSE,
Squad,structuralPanel2,M-2x2 Structural Panel,Dinkelstein Kerman's Construction Emporium,"Four M-1x1 have been arranged in a 2x2 layout for this part, then stuck together with super glue.",composites,Structural,Radial,,attachRules/bulkheadProfiles,FALSE,
Squad,dockingPortLateral,Inline Clamp-O-Tron,,"The Inline Clamp-O-Tron was an accidental invention, created after an engineer (who really should have been wearing his glasses) incorrectly interpreted the Shielded Clamp-O-Tron's blueprints. Still, the rest of the team very much liked the idea of a sideways-pointing docking port with its own aerodynamic shell, so he patented the design. He still refuses to admit it wasn't intentional.",composites,Coupling,Radial,,attachRules/bulkheadProfiles,FALSE,
Squad,flagPartFlat,RFP-F Flag Flat,Rokea Inc,"A flat flag part, that can be used to show pride in your mission. Or use a different mission flag, if you really want to go that way.",composites,Utility,Radial,,attachRules/bulkheadProfiles,FALSE,
Squad,flagPartSize3,RFP-3 Flag (3.75m),Rokea Inc,"A large flag that can be applied to size 3 tanks and other parts with the same curvature to show pride in your mission. Or use a different mission flag, if you really want to go that way.",composites,Utility,Radial,,attachRules/bulkheadProfiles,FALSE,
Squad,dockingPortLateral,Inline Clamp-O-Tron,,"The Inline Clamp-O-Tron was an accidental invention, created after an engineer (who really should have been wearing his glasses) incorrectly interpreted the Shielded Clamp-O-Tron's blueprints. Still, the rest of the team very much liked the idea of a sideways-pointing docking port with its own aerodynamic shell, so he patented the design. He still refuses to admit it wasn't intentional.",composites,Coupling,Radial,,attachRules/bulkheadProfiles,FALSE,
SquadExpansion,EnginePlate3,EP-37 Engine Plate,Rokea Inc,Inspired by an upside down birthday cake. Now with added shrouds for windy days. Engine plates for grown ups.,composites,Coupling,XL,3.75,bulkheadProfiles,FALSE,
SquadExpansion,EquiTriangle0,SP-T06 Structural Panel,Dinkelstein Kerman's Construction Emporium,"A sturdy metal plate, perfect for constructing all sorts of things. Also available in bling.",composites,Structural,Radial,,attachRules/bulkheadProfiles,FALSE,
SquadExpansion,EquiTriangle1,SP-T12 Structural Panel,Dinkelstein Kerman's Construction Emporium,"A sturdy metal plate, perfect for constructing all sorts of things. Also available in bling.",composites,Structural,Radial,,attachRules/bulkheadProfiles,FALSE,
SquadExpansion,EquiTriangle1p5,SP-T18 Structural Panel,Dinkelstein Kerman's Construction Emporium,"A sturdy metal plate, perfect for constructing all sorts of things. Also available in bling.",composites,Structural,Radial,,attachRules/bulkheadProfiles,FALSE,
SquadExpansion,EquiTriangle2,SP-T25 Structural Panel,Dinkelstein Kerman's Construction Emporium,"A sturdy metal plate, perfect for constructing all sorts of things. Also available in bling.",composites,Structural,Radial,,attachRules/bulkheadProfiles,FALSE,
SquadExpansion,Panel0,SP-S06 Structural Panel,Dinkelstein Kerman's Construction Emporium,"A sturdy metal plate, perfect for constructing all sorts of things. Also available in bling.",composites,Structural,Radial,,attachRules/bulkheadProfiles,FALSE,
SquadExpansion,Panel1,SP-S12 Structural Panel,Dinkelstein Kerman's Construction Emporium,"A sturdy metal plate, perfect for constructing all sorts of things. Also available in bling.",composites,Structural,Radial,,attachRules/bulkheadProfiles,FALSE,
SquadExpansion,Panel1p5,SP-S18 Structural Panel,Dinkelstein Kerman's Construction Emporium,"A sturdy metal plate, perfect for constructing all sorts of things. Also available in bling.",composites,Structural,Radial,,attachRules/bulkheadProfiles,FALSE,
SquadExpansion,Panel2,SP-S25 Structural Panel,Dinkelstein Kerman's Construction Emporium,"A sturdy metal plate, perfect for constructing all sorts of things. Also available in bling.",composites,Structural,Radial,,attachRules/bulkheadProfiles,FALSE,
SquadExpansion,Triangle0,SP-R06 Structural Panel,Dinkelstein Kerman's Construction Emporium,"A sturdy metal plate, perfect for constructing all sorts of things. Also available in bling.",composites,Structural,Radial,,attachRules/bulkheadProfiles,FALSE,
SquadExpansion,Triangle1,SP-R12 Structural Panel,Dinkelstein Kerman's Construction Emporium,"A sturdy metal plate, perfect for constructing all sorts of things. Also available in bling.",composites,Structural,Radial,,attachRules/bulkheadProfiles,FALSE,
SquadExpansion,Triangle1p5,SP-R18 Structural Panel,Dinkelstein Kerman's Construction Emporium,"A sturdy metal plate, perfect for constructing all sorts of things. Also available in bling.",composites,Structural,Radial,,attachRules/bulkheadProfiles,FALSE,
SquadExpansion,Triangle2,SP-R25 Structural Panel,Dinkelstein Kerman's Construction Emporium,"A sturdy metal plate, perfect for constructing all sorts of things. Also available in bling.",composites,Structural,Radial,,attachRules/bulkheadProfiles,FALSE,
SquadExpansion,Tube3,T-37 Structural Tube,Rokea Inc,"The cost of manufacturing these tubes is high, per loop. Use sparingly.",composites,Structural,XL,3.75,bulkheadProfiles,FALSE,
StationPartsExpansionRedux,sspx-lab-pallet-1,SD-2x2 Structural Panel,Post-Kerbin Mining Corporation,This structural element is truss-ty and can serve lots of purposes like supporting experiments and making non-airtight habitat walls.,composites,Structural,Radial,,attachRules/bulkheadProfiles,FALSE,
StationPartsExpansionRedux,sspx-lab-pallet-2,SD-1x1 Structural Panel,Post-Kerbin Mining Corporation,This smaller structural element is truss-ty and can serve lots of purposes like supporting experiments and making non-airtight habitat walls.,composites,Structural,Radial,,attachRules/bulkheadProfiles,FALSE,
ReStockPlus,restock-relay-radial-2,HG-20 High Gain Antenna,Ionic Symphonic Protonic Electronics,"A longer range version of the HG-5 that can handle either direct communications or short range relays, using 4 different dishes.",electrics,none,Radial,,attachRules/bulkheadProfiles,TRUE,category=none
ReStockPlus,restock-relay-radial-2_v2,HG-20 High Gain Antenna,Ionic Symphonic Protonic Electronics,"A longer range version of the HG-5 that can handle either direct communications or short range relays, using 4 different dishes.",electrics,Communication,Radial,,attachRules/bulkheadProfiles,FALSE,
SCANsat,scansat-radar-seasat-1,R-EO-1 Radar Antenna,SCAN: Scientific Committee on Advanced Navigation,This entry-level L-band radar altimeter collects low resolution elevation data at a medium swath from lower orbits. Uses a moderate amount of power and functions in lit and unlit situations.,electrics,Science,Radial,,attachRules/bulkheadProfiles,FALSE,
Squad,probeCoreOcto_v2,Probodobodyne OKTO,Probodobodyne Inc,"The OKTO is the next step in unmanned control technology. This small unit can not only receive and relay control, it also provides automatic stabilization assistance, just as a live pilot would. Also, its 8-sided stylistic design features lots of flat surfaces for attaching equipment.",electrics,Pods,Tiny,0.625,bulkheadProfiles,FALSE,
Squad,solarPanels5,OX-STAT Photovoltaic Panels,Probodobodyne Inc,"The OX-STAT solar panel is a simple panel with no sun-tracking or deployment mechanics. As a result, it is very light and cheap.",electrics,Electrical,Radial,,attachRules/bulkheadProfiles,FALSE,
Squad,batteryBankMini,Z-200 Rechargeable Battery Bank,Zaltonic Electronics,"The Z-200 is a stackable variant of the Z-100 battery pack, with increased capacity. In emergency situations, please refrain from ""reversing the polarity"".",electrics,Electrical,Tiny,0.625,bulkheadProfiles,FALSE,
Squad,foldingRadSmall,Thermal Control System (small),Probodobodyne Inc,A deployable thermal control system consisting of multiple liquid cooled radiator panels.,electrics,Thermal,Radial,,attachRules/bulkheadProfiles,FALSE,
Squad,domeLight1,Domelight Mk1,Rokea Inc,This dome light is great for illuminating a small area around your craft and can be spotted from far away.,electrics,Utility,Radial,,attachRules/bulkheadProfiles,FALSE,
Squad,spotLight3,Spotlight Mk1,Rokea Inc,"This light has a range of varied uses: highlight the movements of a Kerbal on the surface, brighten up a surface you need a sample of, or even put on a musical number.\n\nJust make sure you don't shine it in Bill's eyes, his pupils are big enough already",electrics,Utility,Radial,,attachRules/bulkheadProfiles,FALSE,
Squad,spotLight1,Illuminator Mk1,Rokea Inc,"The Illuminator Mk1 from RKEA projects a strong beam of photons in its prograde direction, increasing the brightness of surfaces exposed to the beam (it's a big flashlight).",electrics,none,Radial,,attachRules/bulkheadProfiles,TRUE,category=none
Squad,spotLight1_v2,Illuminator Mk1,Rokea Inc,"The Illuminator Mk1 from RKEA projects a strong beam of photons in its prograde direction, increasing the brightness of surfaces exposed to the beam (it's a big flashlight).",electrics,Utility,Radial,,attachRules/bulkheadProfiles,FALSE,
Squad,spotLight2,Illuminator Mk2,Rokea Inc,"The Illuminator Mk2 is an extra-wide beam, low-power Illuminator, for lighting up large swaths of whatever you wish. However, its beam does not shine very far.",electrics,none,Radial,,attachRules/bulkheadProfiles,TRUE,category=none
Squad,spotLight2_v2,Illuminator Mk2,Rokea Inc,"The Illuminator Mk2 is an extra-wide beam, low-power Illuminator, for lighting up large swaths of whatever you wish. However, its beam does not shine very far.",electrics,Utility,Radial,,attachRules/bulkheadProfiles,FALSE,
Squad,probeCoreOcto,Probodobodyne OKTO,Probodobodyne Inc,"The OKTO is the next step in unmanned control technology. This small unit can not only receive and relay control, it also provides automatic stabilization assistance, just as a live pilot would. Also, its 8-sided stylistic design features lots of flat surfaces for attaching equipment.",electrics,none,Tiny,0.625,bulkheadProfiles,TRUE,category=none
SquadExpansion,DeployedSolarPanel,OX-Stat-PD Photovoltaic Panel,Probodobodyne Inc,"The OX-Stat-PD Photovoltaic Panel can, when properly set up by trained engineers, power several ground-breaking science experiments at a time. Reduced power output caused by allowing Jebediah to just 'unfold the flippy bit' is not covered under the manufacturer's warranty. <color=orange>Needs a deployed central station to operate. Bring a trained engineer or this part will only produce enough power for one other unit.</color>",electrics,Cargo,,,,FALSE,
ReStockPlus,restock-antenna-stack-3,Communotron HG-61,Ionic Symphonic Protonic Electronics,"After developing the venerable HG-55, one of our marketing people came up with the idea of a budget version for small probes. The HG-61 removes the fancy extending arm, while still providing the same great communication range of its predecessor, making it perfect for building deep space probes on a budget.",electronics,Communication,Radial,,attachRules/bulkheadProfiles,FALSE,
Squad,HighGainAntenna,Communotron HG-55,Ionic Symphonic Protonic Electronics,"The Communotron HG-55 high gain antenna allows for blazingly fast directional data transmission, and was originally designed for deep space probes. Please note that Ionic Symphonic Protonic Electronics is not liable for any damages that might result from prolonged exposure to RF radiation.",electronics,Communication,Radial,,attachRules/bulkheadProfiles,FALSE,
Squad,Magnetometer,Magnetometer Boom,Experimental Engineering Group,"Magnetic fields are all around us. Kerbal scientists know that learning about the magnetic field of a celestial body can yield all sorts of interesting insights into what's going on inside it - but spacecraft also emit magnetic fields, especially when operating their electronics and electromechanical actuators.\n\nFor some reason engineers just don't want to turn off the entire spacecraft, or build it out of plastic, so the Experimental Engineering group solved the issue by sticking this sensitive magnetometer on an extensible boom.\n\nWarning: Warranty on the boom voided if used any place besides the vacuum of space.",electronics,Science,Radial,,attachRules/bulkheadProfiles,FALSE,
Squad,sensorAccelerometer,Double-C Seismic Accelerometer,Probodobodyne Inc,"This device contains an extremely sensitive acceleration sensor, which when properly settled on a firm surface, will detect and record accurate seismic activity data. The accelerometer will still function while flying, so the Double-C can also be used to measure accelerations during flight. Warranty void if shaken or exposed to vacuum.",electronics,Science,Radial,,attachRules/bulkheadProfiles,FALSE,
Squad,RelayAntenna50,RA-15 Relay Antenna,Ionic Symphonic Protonic Electronics,A relay antenna with automatic store and forward capabilities as well as advanced pathfinding algorithms.,electronics,Communication,Radial,,attachRules/bulkheadProfiles,FALSE,
SquadExpansion,DeployedSatDish,Communotron Ground HG-48,Ionic Symphonic Protonic Electronics,The Communotron Ground HG-48 is an adapted version of Ionic Symphonic Protonic Electronics most popular space-based antenna. Designed to boost the signal of any ground-based communication devices to interplanetary ranges.\n\nNot designed to pirate movie channels from nearby satellites. <color=orange>Needs a deployed central station to operate.</color>,electronics,Cargo,,,,FALSE,
SquadExpansion,DeployedSeismicSensor,Grand Slam Passive Seismometer,Probodobodyne Inc,"This ground-deployed sensor contains very delicate, sophisticated accelerometers meant to detect and analyze the precisely calibrated seismic shock waves generated by smashing rocket parts at high speed into whatever planet or moon it happens to be sitting on.\n\nNote: Please allow trained Scientists to deploy for best results. <color=orange>Needs a deployed power unit & central station to operate.</color>",electronics,Cargo,,,,FALSE,
IndicatorLights,indicatorLightSmall,BL-01 Indicator Light,Blinkenlights LLC,"Doesn't seem to achieve much, but we'll probably find out what it's for later on.",engineering101,Utility,Radial,,attachRules/bulkheadProfiles,FALSE,
Squad,Decoupler_1,TD-12 Decoupler,O.M.B. Demolition Enterprises,"The TD-12 Stack Decoupler is equipped with a (hopefully) small explosive charge, that will sever the structural linkage between itself and whatever it's connected to. Painted on its sides are handy arrows indicating which side will detach",engineering101,Coupling,Small,1.25,bulkheadProfiles,FALSE,
Squad,sensorThermometer,2HOT Thermometer,Probodobodyne Inc,This thermometer is definetely not a store-bought model with some wires stuck to it. Warranty void if an engineer admits it's actually a store-bought model with some wires stuck to it.,engineering101,Science,Radial,,attachRules/bulkheadProfiles,FALSE,
Squad,longAntenna,Communotron 16,Ionic Symphonic Protonic Electronics,"The Communotron 16 is a versatile and lightweight antenna, suitable for moderate-range communication, long-range backup communication, and eavesdropping on secret government operations.",engineering101,Communication,Radial,,attachRules/bulkheadProfiles,FALSE,
Squad,SurfAntenna,Communotron 16-S,Ionic Symphonic Protonic Electronics,A Surface mount version of the Communotron-16,engineering101,Communication,Radial,,attachRules/bulkheadProfiles,FALSE,
Squad,stackDecoupler,TR-18A Stack Decoupler,O.M.B. Demolition Enterprises,"The TR-18A Stack Decoupler is equipped with a (hopefully) small explosive charge, that will sever the structural linkage between itself and whatever it's connected to. Painted on its sides are handy arrows indicating which side will detach.",engineering101,none,Small,1.25,bulkheadProfiles,TRUE,category=none
Squad,wingShuttleDelta,Big-S Delta Wing,C7 Aerospace Division,"The Big-S line of wings are C7's largest lifting surfaces to date. Not only are they Sturdy and heat resistant enough to survive reentry, but also have enough internal volume to carry optional fuel tanks.",experimentalAerodynamics,Aero,Radial,,attachRules/bulkheadProfiles,FALSE,
Squad,wingShuttleElevon1,Big-S Elevon 1,C7 Aerospace Division,"The Big-S line of wings are C7's largest lifting surfaces to date. Not only are they Sturdy and heat resistant enough to survive reentry, but also have enough internal volume to carry optional fuel tanks.",experimentalAerodynamics,Aero,Radial,,attachRules/bulkheadProfiles,FALSE,
Squad,wingShuttleElevon2,Big-S Elevon 2,C7 Aerospace Division,"The Big-S line of wings are C7's largest lifting surfaces to date. Not only are they Sturdy and heat resistant enough to survive reentry, but also have enough internal volume to carry optional fuel tanks.",experimentalAerodynamics,Aero,Radial,,attachRules/bulkheadProfiles,FALSE,
Squad,wingShuttleRudder,Big-S Spaceplane Tail Fin,C7 Aerospace Division,Large heat resistant spaceplane fin.,experimentalAerodynamics,Aero,Radial,,attachRules/bulkheadProfiles,FALSE,
Squad,wingShuttleStrake,Big-S Wing Strake,C7 Aerospace Division,"The Big-S line of wings are C7's largest lifting surfaces to date. Not only are they Sturdy and heat resistant enough to survive reentry, but also have enough internal volume to carry optional fuel tanks.",experimentalAerodynamics,Aero,Radial,,attachRules/bulkheadProfiles,FALSE,
Squad,adapterMk3-Mk2,Mk3 to Mk2 Adapter,C7 Aerospace Division,Our engineers insisted on a way to reuse Mk2 parts on the new Fuselage system. Manufacturing a streamlined adapter despite the considerable difference of the two cross sections required quite a radical design. It is often used as a slide on Take Your Kids to Work Day.,experimentalAerodynamics,FuelTank,Radial,,attachRules/bulkheadProfiles,FALSE,
Squad,adapterEngines,Mk3 Engine Mount,C7 Aerospace Division,A structural mounting plate for rocket engines.,experimentalAerodynamics,Structural,Radial,,attachRules/bulkheadProfiles,FALSE,
Squad,adapterSize3-Mk3,Mk3 to 3.75m Adapter,C7 Aerospace Division,An adapter for when your craft turns from a massive rocket into a gargantuan plane!,experimentalAerodynamics,FuelTank,Radial,,attachRules/bulkheadProfiles,FALSE,
Squad,mk3FuselageLFO_100,Mk3 Rocket Fuel Fuselage Long,C7 Aerospace Division,"Filled to the brim with Rocket Fuel, C7 Aerospace's supplier Ekson-Kobil have assured us that this tank is absolutely airtight.",experimentalAerodynamics,FuelTank,Radial,,attachRules/bulkheadProfiles,FALSE,
Squad,mk3FuselageLFO_25,Mk3 Rocket Fuel Fuselage Short,C7 Aerospace Division,A compact fuel tank for when the rest of your craft is taken up by cargo bays!,experimentalAerodynamics,FuelTank,Radial,,attachRules/bulkheadProfiles,FALSE,
Squad,mk3FuselageLFO_50,Mk3 Rocket Fuel Fuselage,C7 Aerospace Division,For that rare moment when your fuel needs are less than ludicrous.,experimentalAerodynamics,FuelTank,Radial,,attachRules/bulkheadProfiles,FALSE,
Squad,mk3FuselageLF_100,Mk3 Liquid Fuel Fuselage Long,C7 Aerospace Division,"C7 Aerospace Division had issues piping the fuel from the refinery, so they brought the refinery tanks to us! It sounded like they muttered ""Good luck.."" as they dropped off these parts.",experimentalAerodynamics,FuelTank,Radial,,attachRules/bulkheadProfiles,FALSE,
Squad,mk3FuselageMONO,Mk3 Monopropellant Tank,C7 Aerospace Division,The reaction to when the reaction control system doesn't have enough control in the system; more monopropellant!,experimentalAerodynamics,FuelTank,Radial,,attachRules/bulkheadProfiles,FALSE,
Squad,mk3CargoBayL,Mk3 Cargo Bay CRG-100,C7 Aerospace Division,"Originally we threw away the container the Rockomax Jumbo-64 tank came in, then one day a bright and upcoming engineer suggested we reuse them. He was promptly reallocated to another department and his boss came up with the brilliant idea of reusing these containers as cargo bays!",experimentalAerodynamics,Payload,MK3,,bulkheadProfiles,FALSE,
ReStockPlus,restock-battery-375-1,Z-10K Rechargeable Battery Bank,Zaltonic Electronics,"A gigantic battery pack for the largest rockets. Special on this model, Zaltronic includes mishap insurance - the first time your drop your battery, it will be replaced for free! However, the battery is not user-serviceable.",experimentalElectrics,Electrical,XL,3.75,bulkheadProfiles,FALSE,
SCANsat,scansat-sar-tandem-l-1,SAR-L Antenna,SCAN: Scientific Committee on Advanced Navigation,"The most advanced synthetic aperture radar instrument, which uses a massive antenna to transmit and recieve multiple polarizations of radar energy. Can map large swaths of terrain from higher orbits, and due to the rich nature of the recieved data also map biomes. Uses a very large amount of power and functions in lit and unlit situations.",experimentalElectrics,Science,Radial,,attachRules/bulkheadProfiles,FALSE,
Squad,rtg,PB-NUK Radioisotope Thermoelectric Generator,Ionic Symphonic Protonic Electronics,"Through exploitation of the natural decay of Blutonium-238, this elegantly simple power generator can provide consistent, stable power for decades. Not to be used for providing heating during emergency rover excursions.",experimentalElectrics,Electrical,Radial,,attachRules/bulkheadProfiles,FALSE,
SquadExpansion,DeployedRTG,Mini-NUK-PD Radioisotope Thermoelectric Generator,Ionic Symphonic Protonic Electronics,"While small, this small radioisotope thermoelectric generator can still provide plenty of power to run deployed science experiments.\n\nCareful calibration should be considered. <color=orange>Needs a deployed central station to operate. Bring a trained engineer or this part will only produce enough power for one other unit.</color>",experimentalElectrics,Cargo,,,,FALSE,
ReStockPlus,restock-oretank-1875-1,Medium Holding Tank,Jebediah Kerman's Junkyard and Spacecraft Parts Co,A medium tank that can be used for storing raw materials. Warranty void if used to store snacks.,experimentalScience,FuelTank,Radial,,attachRules/bulkheadProfiles,FALSE,
ReStockPlus,restock-oretank-375-1,Jumbo Holding Tank,Jebediah Kerman's Junkyard and Spacecraft Parts Co,A very large tank that can be used for storing raw materials. The manufacturer denies any claims that it has been re-purposed from a local farm,experimentalScience,FuelTank,Radial,,attachRules/bulkheadProfiles,FALSE,
SCANsat,scansat-resources-hyperion-1,SCAN-RX Hyperspectral Resource Mapper,SCAN: Scientific Committee on Advanced Navigation,"A high-tech resource imager that captures hundreds of channels of data, to evaluate useful resource distributions from higher orbits. Uses a small amount of power and functions only in lit situations.",experimentalScience,Science,Radial,,attachRules/bulkheadProfiles,FALSE,
Squad,LargeTank,Large Holding Tank,Jebediah Kerman's Junkyard and Spacecraft Parts Co,A large tank that can be used for storing raw materials.  Not to be used as a bouncy castle.,experimentalScience,FuelTank,Radial,,attachRules/bulkheadProfiles,FALSE,
Squad,OrbitalScanner,M4435 Narrow-Band Scanner,Experimental Engineering Group,"Ideal for surveying potential landing sites, this scanner provides detailed information about the planet or moon that it orbits, though this data is limited to the spot directly below the scanner.",experimentalScience,Science,Radial,,attachRules/bulkheadProfiles,FALSE,
StationPartsExpansionRedux,sspx-greenhouse-5-1,SDV-4 'Demeter' Cultivation Module,Post-Kerbin Mining Corporation,"An evolved solution for feeding Kerbals, the cultivation module combines a closed-loop aquaculture system with a vast amount of hydroponic kale. Get ready for kale salad, kale trout, kale sea bass, and the exotic shramp kale.",experimentalScience,Science,Huge,5,bulkheadProfiles,FALSE,
StationPartsExpansionRedux,sspx-lab-5-1,SDV-6 'Delphi' Science Module,Post-Kerbin Mining Corporation,Innovative science module for all your Kerbal research needs. A generously appointed main cabin connects to a service tunnel that supports four externally mounted payload racks. Also includes a Model O-N03S remote telescope for local space observations and vacation planning.,experimentalScience,Science,Huge,5,bulkheadProfiles,FALSE,
ReStockPlus,restock-wheel-4,Rovemax Model M0,Kerbal Motion LLC,"A smaller version of the popular Rovemax wheel with an integrated folding function, allowing it to be stowed for transportation.",fieldScience,Ground,Radial,,attachRules/bulkheadProfiles,FALSE,
SCANsat,scansat-exomars-1,SCAN Been There Done That®,SCAN: Scientific Committee on Advanced Navigation,This model of scanning device contains a set of passive and active sensors designed to quickly hone in on interesting features located nearby.,fieldScience,Science,Radial,,attachRules/bulkheadProfiles,FALSE,
Squad,seatExternalCmd,EAS-1 External Command Seat,Kerlington Model Rockets and Paper Products Inc,"The EAS-1 External Command Seat provides all the controls needed to fully operate a spacecraft, just like a command pod, but without such needless frivolities as ""pressurized interiors"", or ""seat belts"". It's bare-bones, pedal-to-the-metal efficiency at its finest.",fieldScience,Pods,Radial,,attachRules/bulkheadProfiles,FALSE,
Squad,roverBody,Probodobodyne RoveMate,Probodobodyne Inc,"A sturdy housing for a robust probe and battery system - no assembly required! Though intended as the body for surface rovers, we've been told by our most day-dreaming of engineers that the possibilities are endless! While it has a Stability Assistance System, the RoveMate lacks reaction wheels so bring some along if you want to hold that attitude.",fieldScience,none,Small,1.25,bulkheadProfiles,TRUE,category=none
Squad,roverBody_v2,Probodobodyne RoveMate,Probodobodyne Inc,"A sturdy housing for a robust probe and battery system - no assembly required! Though intended as the body for surface rovers, we've been told by our most day-dreaming of engineers that the possibilities are endless! While it has a Stability Assistance System, the RoveMate lacks reaction wheels so bring some along if you want to hold that attitude.",fieldScience,Pods,Small,1.25,bulkheadProfiles,FALSE,
Squad,roverWheel1,RoveMax Model M1,Kerbal Motion LLC,"After years of outcry against the lack of proper powered wheels, a small startup company named Kerbal Motion was founded and delivered just what the public wanted - the RoveMax Model 1 powered rover wheel.",fieldScience,Ground,Radial,,attachRules/bulkheadProfiles,FALSE,
SquadExpansion,roverWheelM1-F,RoveMax M1-F Rover Wheel,Kerbal Motion LLC,"Designed for the first Munar landings and with the ability to be stowed during launch, the RoveMax M1-F is ideal for smaller rovers where space is a premium.",fieldScience,Ground,Radial,,attachRules/bulkheadProfiles,FALSE,
SquadExpansion,rotor_02,EM-32 Standard Rotor,Kerbal Motion LLC,"A medium low-torque, high RPM electric motor",fieldScience,Robotics,Radial,,attachRules/bulkheadProfiles,FALSE,
SquadExpansion,rotor_02s,EM-32S Standard Rotor,Kerbal Motion LLC,"A medium low-torque, high RPM eletric motor. The smaller attachment head allows for more power applied to a smaller space.",fieldScience,Robotics,Radial,,attachRules/bulkheadProfiles,FALSE,
ReStockPlus,restock-pod-sphere-2,SP-2 'Tangerine' Reentry Module,Probodobodyne Inc,"We removed some ""unnecessary"" equipment from the SP-1 Reentry Module to make room for a second seat. This decision had made the design department very unpopular with the astronauts.",flightControl,Pods,Small,1.25,bulkheadProfiles,FALSE,
ReStockPlus,restock-reactionwheel-radial-1,Small Radial Gyroscope,STEADLER Engineering Corps,"Steadler's small radial gyroscope provides a small amount of torque but with greater power efficiency, allowing even large stations to maintain attitude with minimal power. We're still not entirely sure how gyroscopes work, but this one allows torque on all three axes.",flightControl,Control,Radial,,attachRules/bulkheadProfiles,FALSE,
Squad,R8winglet,AV-R8 Winglet,Kerlington Model Rockets and Paper Products Inc,"The R8 Active Control Winglet series marked the debut of Kerlington Model Rockets in the Spacecraft engineering world. These winglets are equipped with movable pivots, which allow them to swivel and act as control surfaces. This feature was considered a huge advancement in control technology and most agree that it made Kerlington staff and R8 fans simply unbearable to be around.",flightControl,Aero,Radial,,attachRules/bulkheadProfiles,FALSE,
Squad,winglet3,Delta-Deluxe Winglet,Kerlington Model Rockets and Paper Products Inc,The Delta-Deluxe Winglet is a large aerodynamic surface with a small built-in aileron. It is very lightweight and offers more lift than the AV-R8 but the small control surface area means it is not as quick to turn.,flightControl,Aero,Radial,,attachRules/bulkheadProfiles,FALSE,
Squad,sasModule,Small Inline Reaction Wheel,,"The inline reaction wheel system uses a series of spinning discs that are going ""Very Fast"", to generate the torque necessary to control a spacecraft without wasting any propellant. Please do not attempt to service this device while it is running.",flightControl,Control,Tiny,0.625,bulkheadProfiles,FALSE,
SquadExpansion,kv2Pod,KV-2 ‘Pea’ Reentry Module,Probodobodyne Inc,Two little green Kerbals like peas in a Pea Pod. The engineers managed to fit an extra Kerbal in the same space!,flightControl,Pods,Small,1.25,bulkheadProfiles,FALSE,
ReStockPlus,restock-fueltank-1875-2,FL-X900 Liquid Fuel Tank,Jebediah Kerman's Junkyard and Spacecraft Parts Co,A half-size tank like this one can carry a good amount of rocket fuel and do it while looking real good.,fuelSystems,FuelTank,Radial,,attachRules/bulkheadProfiles,FALSE,
ReStockPlus,restock-fueltank-1875-3,FL-X440 Liquid Fuel Tank,Jebediah Kerman's Junkyard and Spacecraft Parts Co,"Small but still impressive, the kerosene fumes emitted by this tank add an immediate ambiance to any storerooms used for holding rocket fuel tanks. Please ensure such rooms are well ventilated.",fuelSystems,FuelTank,Radial,,attachRules/bulkheadProfiles,FALSE,
ReStockPlus,restock-fueltank-1875-soyuz-1,FL-S1200 Liquid Fuel Tank,Jebediah Kerman's Junkyard and Spacecraft Parts Co,"This interestingly shaped fuel tank is conical and not cylindrical. It even includes small separation motors in case you want to use it as a booster, because you probably could.",fuelSystems,FuelTank,Radial,,attachRules/bulkheadProfiles,FALSE,
ReStockPlus,restock-fueltank-adapter-1875-0625-1,FL-XA160-S Fuel Tank Adapter,Jebediah Kerman's Junkyard and Spacecraft Parts Co,"An extra small cross section is no problem from this fully fueled adapter, which gracefully adapts from 1.875m to 0.625m.",fuelSystems,FuelTank,Radial,,attachRules/bulkheadProfiles,FALSE,
ReStockPlus,restock-fueltank-adapter-1875-125-1,FL-XA600 Fuel Tank Adapter,Jebediah Kerman's Junkyard and Spacecraft Parts Co,"Sometimes you need a few different sizes in your rocket and that's ok. If you want to blend them smoothly, you need fuel, and your two sizes are 1.875m and 1.25m, this part is your ticket.",fuelSystems,FuelTank,Radial,,attachRules/bulkheadProfiles,FALSE,
ReStockPlus,restock-fueltank-adapter-25-1875-1,FL-XA1200 Fuel Tank Adapter,Jebediah Kerman's Junkyard and Spacecraft Parts Co,A large fully fuelled adapter to step down from the large 2.5m size to a modest 1.875m size.,fuelSystems,FuelTank,Radial,,attachRules/bulkheadProfiles,FALSE,
ReStockPlus,restock-fueltank-sphere-25-1,Rockomax X-200-4R Hemispherical Liquid Fuel Tank,Kerbodyne,"This fuel tank is half a sphere. It should not be used as a pool, unlike other Rockomax products",fuelSystems,FuelTank,Radial,,attachRules/bulkheadProfiles,FALSE,
Squad,fuelLine,FTX-2 External Fuel Duct,FLOOYD Dynamics Research Labs,"New breakthroughs at FLOOYD Dynamics have made the FTX Fuel Duct a reality. Altough criticized by some as being no more than 'a sewage pipe painted yellow', most agree that the yellow is a relatively nice color, and that fuel lines are indeed able to pump fuel from side-mounted fuel tanks. After the recall of the FTX-1 series, All FTX-2 lines have arrows painted on to indicate the fuel flow direction, so engineers can tell which way around they are supposed to go.",fuelSystems,FuelTank,Radial,,attachRules/bulkheadProfiles,FALSE,
Squad,ReleaseValve,FTE-1 Drain Valve,FLOOYD Dynamics Research Labs,"While trying to solve the initial issue with the FTX-1 series fuel line, an engineer at FLOOYD Dynamics had an ingenious thought - what if you failed to attach a fuel pipe at all?  Solves the issue of making sure the fuel goes in the right direction, because it just goes out. He was demoted and assigned to book keeping duties, but later on, FLOOYD resurrected his idea in the form of the FTE-1 - a valve that will allow you to drain most resources from the part that it happens to be attached to. Great for emergencies, flotation adjustment, or just fun rocket pranks.",fuelSystems,FuelTank,Radial,,attachRules/bulkheadProfiles,FALSE,
Squad,Rockomax16_BW,Rockomax X200-16 Fuel Tank,Rockomax Conglomerate,"After many, many studies, Rockomax engineers found that the space program does indeed have a use for a tank half the size of the X200-32. No refunds.",fuelSystems,FuelTank,Radial,,attachRules/bulkheadProfiles,FALSE,
Squad,Rockomax32_BW,Rockomax X200-32 Fuel Tank,Rockomax Conglomerate,"Developed after one J. Kerman complained that the fuel tanks available were 'way too small', the X200-32 holds a generous amount of fuel, for all your... fueling needs or something like that. Shut up, Rockomax hires rocket scientists, not writers.",fuelSystems,FuelTank,Radial,,attachRules/bulkheadProfiles,FALSE,
Squad,Rockomax8BW,Rockomax X200-8 Fuel Tank,Rockomax Conglomerate,"A compact fuel tank, designed for small upper stages and landers. Rockomax takes no responsibility for the Dawton Kerman Aboveground Pool Company stickers on the inside because it totally is not a swimming pool frame we stole from their back lot.",fuelSystems,FuelTank,Radial,,attachRules/bulkheadProfiles,FALSE,
Squad,fuelTank_long,FL-T800 Fuel Tank,Jebediah Kerman's Junkyard and Spacecraft Parts Co,"A stretched variant of the FL-T400, the FL-T800 holds twice the fuel in a slightly stronger container. The black stripes along the side make the rocket go faster, our engineers tell us.",fuelSystems,FuelTank,Radial,,attachRules/bulkheadProfiles,FALSE,
Squad,fuelTank_long,FL-T800 Fuel Tank,Jebediah Kerman's Junkyard and Spacecraft Parts Co,"A stretched variant of the FL-T400, the FL-T800 holds twice the fuel in a slightly stronger container. The black stripes along the side make the rocket go faster, our engineers tell us.",fuelSystems,FuelTank,Radial,,attachRules/bulkheadProfiles,FALSE,
Squad,fuelTank2-2,Rockomax X200-16 Fuel Tank,Rockomax Conglomerate,"After many, many studies, Rockomax engineers found that the space program does indeed have a use for a tank half the size of the X200-32. No refunds.",fuelSystems,none,Radial,,attachRules/bulkheadProfiles,TRUE,category=none
Squad,fuelTank1-2,Rockomax X200-32 Fuel Tank,Rockomax Conglomerate,"Developed after one J. Kerman complained that the fuel tanks available were 'way too small', the X200-32 holds a generous amount of fuel, for all your... fueling needs or something like that. Shut up, Rockomax hires rocket scientists, not writers.",fuelSystems,none,Radial,,attachRules/bulkheadProfiles,TRUE,category=none
Squad,fuelTank4-2,Rockomax X200-8 Fuel Tank,Rockomax Conglomerate,"A compact fuel tank, designed for small upper stages and landers. Rockomax takes no responsibility for the Dawton Kerman Aboveground Pool Company stickers on the inside because it totally is not a swimming pool frame we stole from their back lot.",fuelSystems,none,Radial,,attachRules/bulkheadProfiles,TRUE,category=none
SquadExpansion,Size1p5_Size0_Adapter_01,FL-A150 Fuel Tank Adapter,Jebediah Kerman's Junkyard and Spacecraft Parts Co,These fuel-filled adapters come in a variety of sizes for connecting larger and smaller tanks.,fuelSystems,FuelTank,Radial,,attachRules/bulkheadProfiles,FALSE,
SquadExpansion,Size1p5_Size1_Adapter_01,FL-A151L Fuel Tank Adapter,Jebediah Kerman's Junkyard and Spacecraft Parts Co,These fuel-filled adapters come in a variety of sizes for connecting larger and smaller tanks.,fuelSystems,FuelTank,Radial,,attachRules/bulkheadProfiles,FALSE,
SquadExpansion,Size1p5_Size2_Adapter_01,FL-A215 Fuel Tank Adapter,Jebediah Kerman's Junkyard and Spacecraft Parts Co,These fuel-filled adapters come in a variety of sizes for connecting larger and smaller tanks.,fuelSystems,FuelTank,Radial,,attachRules/bulkheadProfiles,FALSE,
SquadExpansion,Size1p5_Tank_02,FL-TX440 Fuel Tank,Jebediah Kerman's Junkyard and Spacecraft Parts Co,"Designed as an intermediary tank between the smaller FL-T series and the larger Rockomax tanks, the FL-TX series helps you get just the right amount of boom.",fuelSystems,FuelTank,Radial,,attachRules/bulkheadProfiles,FALSE,
SquadExpansion,Size1p5_Tank_03,FL-TX900 Fuel Tank,Jebediah Kerman's Junkyard and Spacecraft Parts Co,"Designed as an intermediary tank between the smaller FL-T series and the larger Rockomax tanks, the FL-TX series helps you get just the right amount of boom.",fuelSystems,FuelTank,Radial,,attachRules/bulkheadProfiles,FALSE,
SquadExpansion,Size1p5_Tank_05,FL-C1000 Fuel Tank,Jebediah Kerman's Junkyard and Spacecraft Parts Co,"Bored with plain cylinders, the engineers at Jebediah Kerman's Junkyard and Spacecraft Parts Co came up with this snazzy new design. Includes built in separation boosters for good measure, because you can never have enough boosters.",fuelSystems,FuelTank,Radial,,attachRules/bulkheadProfiles,FALSE,
StationPartsExpansionRedux,sspx-cargo-container-radial-medium-3,KRDA-T400 Cargo Container,Kerbin Resource Development Administration,An assembly of four basic cargo containers suitable for transport to the far reaches of the solar system. Can store any of a wide variety of cargoes.,fuelSystems,Payload,Radial,,attachRules/bulkheadProfiles,FALSE,
StationPartsExpansionRedux,sspx-cargo-container-radial-small-2,KRDA-O400 Cargo Container,Kerbin Resource Development Administration,An assembly of four small cargo containers suitable for transport to the far reaches of the solar system. Can store any of a wide variety of cargoes.,fuelSystems,Payload,Radial,,attachRules/bulkheadProfiles,FALSE,
StationPartsExpansionRedux,sspx-cargo-container-radial-small-3,KRDA-O200 Cargo Container,Kerbin Resource Development Administration,An assembly of two basic cargo containers suitable for transport to the far reaches of the solar system. Can store any of a wide variety of cargoes.,fuelSystems,Payload,Radial,,attachRules/bulkheadProfiles,FALSE,
Squad,MK1CrewCabin,Mk1 Crew Cabin,C7 Aerospace Division,A cozy passenger cabin derived from a business jet and upgraded for use in spacecraft.,generalConstruction,Utility,Small,1.25,bulkheadProfiles,FALSE,
Squad,strutConnector,EAS-4 Strut Connector,Kerlington Model Rockets and Paper Products Inc,"The Strut Connector is highly regarded by many spacecraft engineers as they help in constructing more stable spacecraft. Once both sides are connected, a structural beam is created to link both ends, allowing for sturdier (and heavier) construction.",generalConstruction,Structural,Radial,,attachRules/bulkheadProfiles,FALSE,
Squad,Decoupler_2,TD-25 Decoupler,O.M.B. Demolition Enterprises,"O.M.B. is pleased to bring you the latest in decoupling technologies - twice the size of the next best selling product, it offers plenty of bang for plenty of buck! As with its smaller, woefully inferior competitors, this decoupler has handy arrows to indicate which side it will detach from.",generalConstruction,Coupling,Large,2.5,bulkheadProfiles,FALSE,
Squad,Mk1FuselageStructural,Structural Fuselage,C7 Aerospace Division,"A standard fuselage. Carries no fuel; is there merely as a structural element. As such, it's lighter and more solid due to reinforcements.",generalConstruction,Structural,Radial,,attachRules/bulkheadProfiles,FALSE,
Squad,flagPartSize1,RFP-1 Flag (1.25m),Rokea Inc,"A flag that can be applied to size 1 tanks and other parts with the same curvature to show pride in your mission. Or use a different mission flag, if you really want to go that way.",generalConstruction,Utility,Radial,,attachRules/bulkheadProfiles,FALSE,
Squad,launchClamp1,TT18-A Launch Stability Enhancer,O.M.B. Demolition Enterprises,"The TT18-A Stability Enhancer uses ground-breaking fastening technology to significantly increase the stability of spacecraft during the pre-launch phase. While OMB Demolition has been criticized in the past for using ""big fancy words for a rocket holder"" in their description of their device, none can say the TT18 series doesn't deliver rock-solid clamping action, as advertised. The owner's manual strongly suggests these devices be placed on the bottommost section of the spacecraft, and activated as soon as the engines are lit, for optimal de-clamping performance.",generalConstruction,Structural,Radial,,attachRules/bulkheadProfiles,FALSE,
Squad,largeAdapter,Rockomax Brand Adapter,Rockomax Conglomerate,"Governmental pressure and several lawsuits led Rockomax to finally consider creating an adapter to connect its own parts to that of its competitors. As much as the CEOs hated it, however, it was a resounding success.",generalConstruction,Structural,Large,2.5,bulkheadProfiles,FALSE,
Squad,decoupler1-2,Rockomax Brand Decoupler,Rockomax Conglomerate,"Rockomax is pleased to bring you the latest in decoupling technologies - twice the size of the next leading brand, Rockomax Brand Decouplers offer plenty of bang for plenty of buck! As with its smaller, woefully inferior competitor, the Rockomax Decoupler has handy arrows to indicate which side it will detach from.",generalConstruction,none,Large,2.5,bulkheadProfiles,TRUE,category=none
Squad,largeAdapter,Rockomax Brand Adapter,Rockomax Conglomerate,"Governmental pressure and several lawsuits led Rockomax to finally consider creating an adapter to connect its own parts to that of its competitors. As much as the CEOs hated it, however, it was a resounding success.",generalConstruction,Structural,Large,2.5,bulkheadProfiles,FALSE,
SquadExpansion,Decoupler_1p5,TD-18 Decoupler,O.M.B. Demolition Enterprises,"Don't inspect decouplers with a naked flame. Point arrow up, light fuse and retire to a safe distance.",generalConstruction,Coupling,Medium,1.875,bulkheadProfiles,FALSE,
SquadExpansion,EnginePlate5,EP-12 Engine Plate,Rokea Inc,"Inspired by an upside down birthday cake, but with added shrouds for windy days. For clustering multiple small engines on small tanks.",generalConstruction,Coupling,Small,1.25,bulkheadProfiles,FALSE,
ReStockPlus,restock-fueltank-sphere-125-1,FL-T50-R Hemispherical Liquid Fuel Tank,Jebediah Kerman's Junkyard and Spacecraft Parts Co,A 1.25m half-sphere that stores liquid fuel and oxidizer.,generalRocketry,FuelTank,Radial,,attachRules/bulkheadProfiles,FALSE,
Squad,liquidEngine,"LV-T30 ""Reliant"" Liquid Fuel Engine",Jebediah Kerman's Junkyard and Spacecraft Parts Co,"Although criticized by some due to their not insignificant use of so-called ""pieces found lying about"", the LV-T series engines have proven themselves as comparatively reliable. The T30 model boasts a failure and rattly bits ratio below the 50% mark, this has been considered a major improvement over previous models by engineers and LV-T enthusiasts.",generalRocketry,none,Small,1.25,bulkheadProfiles,TRUE,category=none
Squad,liquidEngine_v2,"LV-T30 ""Reliant"" Liquid Fuel Engine",Jebediah Kerman's Junkyard and Spacecraft Parts Co,"Although criticized by some due to their not insignificant use of so-called ""pieces found lying about"", the LV-T series engines have proven themselves as comparatively reliable. The T30 model boasts a failure and rattly bits ratio below the 50% mark, this has been considered a major improvement over previous models by engineers and LV-T enthusiasts.",generalRocketry,Engine,Small,1.25,bulkheadProfiles,FALSE,
Squad,solidBooster1-1,"BACC ""Thumper"" Solid Fuel Booster",Rockomax Conglomerate,"Filled with a new, even more volatile fuel, the BACC offers semi-reliable performance at a good price.",generalRocketry,Engine,Radial,,attachRules/bulkheadProfiles,FALSE,
Squad,fuelTankSmall,FL-T200 Fuel Tank,Jebediah Kerman's Junkyard and Spacecraft Parts Co,"The T200 tank had some difficulty being accepted in the spacecraft engineering world, because most rocket builders had trouble overcoming their urges to squee at the ""cute little fuel tank"". This initial reaction was only put aside when the amount of fiery explosions in assembly areas became so high, strict guidelines were put in place to prohibit ""teasing the fuel containers"". The T200 Tank now is widely used in several space programs and does a remarkably good job, if assembled politely.",generalRocketry,FuelTank,Radial,,attachRules/bulkheadProfiles,FALSE,
Squad,fuelTankSmall,FL-T200 Fuel Tank,Jebediah Kerman's Junkyard and Spacecraft Parts Co,"The T200 tank had some difficulty being accepted in the spacecraft engineering world, because most rocket builders had trouble overcoming their urges to squee at the ""cute little fuel tank"". This initial reaction was only put aside when the amount of fiery explosions in assembly areas became so high, strict guidelines were put in place to prohibit ""teasing the fuel containers"". The T200 Tank now is widely used in several space programs and does a remarkably good job, if assembled politely.",generalRocketry,FuelTank,Radial,,attachRules/bulkheadProfiles,FALSE,
ReStockPlus,restock-engine-caravel-1,UR-2 'Caravel' Liquid Fuel Engine,Universal Paperclips,The Caravel easily sails into the winds of interplanetary space with average efficiency and thrust.,heavierRocketry,Engine,Radial,,attachRules/bulkheadProfiles,FALSE,
ReStockPlus,restock-engine-ursa-1,RK-107 'Ursa' Liquid Fuel Engine,Reaction Systems Ltd,"Though the Ursa is bearish on gimbal mechanisms, it is fairly powerful and does simple, effective duty as a booster engine.",heavierRocketry,Engine,Radial,,attachRules/bulkheadProfiles,FALSE,
ReStockPlus,restock-srb-anvil-1,STS-1 'Anvil' Solid Rocket Booster,,"Discontinued due to component shortages. This colossal solid rocket booster has more than enough power to be used to push lower thrust cores really high up or even be used as a core stage, if your engineers feel that the unstable explosive combustion's spine-tingling rumble could be harnessed as a back massage function for bored Kerbonauts.",heavierRocketry,none,Radial,,attachRules/bulkheadProfiles,TRUE,category=none
ReStockPlus,restock-srb-castor-1,TCK-2 'Castor' Solid Rocket Booster,,"This medium solid rocket booster has more than enough power to be used to push lower thrust cores really high up or even be used as a core stage, if your engineers feel that the unstable explosive combustion's spine-tingling rumble could be harnessed as a back massage function for bored Kerbonauts.",heavierRocketry,Engine,Radial,,attachRules/bulkheadProfiles,FALSE,
Squad,liquidEngineMainsail_v2,"RE-M3 ""Mainsail"" Liquid Fuel Engine",Rockomax Conglomerate,"A monster of an engine for heavy lifting purposes, the Mainsail's power rivals that of entire small nations.",heavierRocketry,Engine,Large,2.5,bulkheadProfiles,FALSE,
Squad,Size2LFB,"LFB KR-1x2 ""Twin-Boar"" Liquid Fuel Engine",Kerbodyne,"This liquid fuel booster system is a very purposeful piece of engineering. Instead of relying on single engines or solid rocket boosters, the KR-1x2 employs two modified KR-1 engine, fed by a built-in fuel system, as the source of its immense lifting power. All that self-contained goodness comes at the cost of not having a mounting point for its underside, and not being quite as efficient as dedicated engines. It also comes at quite a literal cost as well.",heavierRocketry,none,Radial,,attachRules/bulkheadProfiles,TRUE,category=none
Squad,Size2LFB_v2,"LFB KR-1x2 ""Twin-Boar"" Liquid Fuel Engine",Kerbodyne,"This liquid fuel booster system is a very purposeful piece of engineering. Instead of relying on single engines or solid rocket boosters, the KR-1x2 employs two modified KR-1 engine, fed by a built-in fuel system, as the source of its immense lifting power. All that self-contained goodness comes at the cost of not having a mounting point for its underside, and not being quite as efficient as dedicated engines. It also comes at quite a literal cost as well.",heavierRocketry,Engine,Radial,,attachRules/bulkheadProfiles,FALSE,
Squad,Thoroughbred,"S2-17 ""Thoroughbred"" Solid Fuel Booster",Kerbodyne,"When Jeb asked Kerbodyne how to lift his house into space, this is what they came up with. The Thoroughbred is a truly massive solid rocket fuel booster. It is also the first booster Kerbodyne has managed to add thrust vector control to, adding surprising agility to this powerful motor.",heavierRocketry,Engine,Radial,,attachRules/bulkheadProfiles,FALSE,
Squad,liquidEngine1-2,"RE-M3 ""Mainsail"" Liquid Fuel Engine",Rockomax Conglomerate,"A monster of an engine for heavy lifting purposes, the Mainsail's power rivals that of entire small nations.",heavierRocketry,none,Large,2.5,bulkheadProfiles,TRUE,category=none
SquadExpansion,LiquidEngineLV-T91,"LV-T91 ""Cheetah"" Liquid Fuel Engine",Jebediah Kerman's Junkyard and Spacecraft Parts Co,"This engine will get you moving fast. Eventually.… Great for those long distance trips in space despite its namesake. Marketing, you know?",heavierRocketry,Engine,Radial,,attachRules/bulkheadProfiles,FALSE,
SquadExpansion,LiquidEngineRE-I2,"RE-I2 ""Skiff"" Liquid Fuel Engine",Rockomax Conglomerate,The Skiff is well suited for local planet hopping. High vacuum efficiency for this powerful upper stage drive will get you further.,heavierRocketry,Engine,Radial,,attachRules/bulkheadProfiles,FALSE,
SquadExpansion,LiquidEngineRK-7,"RK-7 ""Kodiak"" Liquid Fueled Engine",Reaction Systems Ltd,"A bear of an engine. This quad-nozzled beast comes with multiple cowling options, and no gimbal. Don’t forget those verniers.",heavierRocketry,Engine,Radial,,attachRules/bulkheadProfiles,FALSE,
Squad,airlinerCtrlSrf,FAT-455 Aeroplane Control Surface,WinterOwl Aircraft Emporium,Large conventional control surface.,heavyAerodynamics,Aero,Radial,,attachRules/bulkheadProfiles,FALSE,
Squad,airlinerMainWing,FAT-455 Aeroplane Main Wing,WinterOwl Aircraft Emporium,One of the largest lifting surfaces in production. The internal volume of these is big enough to carry generously sized fuel tanks.,heavyAerodynamics,Aero,Radial,,attachRules/bulkheadProfiles,FALSE,
Squad,airlinerTailFin,FAT-455 Aeroplane Tail Fin,WinterOwl Aircraft Emporium,Large conventional wing with built-in control surface.,heavyAerodynamics,Aero,Radial,,attachRules/bulkheadProfiles,FALSE,
Squad,mk3Cockpit_Shuttle,Mk3 Cockpit,C7 Aerospace Division,A cockpit for those die hard explorers. Especially useful when transporting extra crew to a remote rock to save the day.,heavyAerodynamics,Pods,MK3,,bulkheadProfiles,FALSE,
Squad,turboFanSize2,"J-90 ""Goliath"" Turbofan Engine",C7 Aerospace Division,The largest and highest thrust jet engine ever built. This engine works best at low cruising speeds and altitudes.,heavyAerodynamics,Engine,Radial,,attachRules/bulkheadProfiles,FALSE,
Squad,adapterMk3-Size2,Mk3 to 2.5m Adapter,C7 Aerospace Division,"Perfectly pointy, carefully curved and devastatingly destructive, this Mk3 to 2.5m adapter can satisfy your wildest of dreams. Or it'll let you bridge the gaps between parts on your craft while giving you a bit of fuel... Your choice.",heavyAerodynamics,FuelTank,Radial,,attachRules/bulkheadProfiles,FALSE,
Squad,adapterMk3-Size2Slant,Mk3 to 2.5m Adapter Slanted,C7 Aerospace Division,Makes your craft hang in the air like bricks don't!,heavyAerodynamics,FuelTank,Radial,,attachRules/bulkheadProfiles,FALSE,
Squad,mk3CrewCabin,Mk3 Passenger Module,C7 Aerospace Division,"At a capacity of 16 Kerbals, the Mk3 Passenger module is known in the Astronaut Complex breakrooms as the ""Super Economy"" class for spacetravel and allows only carry-on baggage. Any checked or emotional baggage may require one of the Mk3 Cargo Bays.",heavyAerodynamics,Utility,MK3,,bulkheadProfiles,FALSE,
Squad,mk3FuselageLF_25,Mk3 Liquid Fuel Fuselage Short,C7 Aerospace Division,"For the economically minded aerospace designer, who is building a massive plane...",heavyAerodynamics,FuelTank,Radial,,attachRules/bulkheadProfiles,FALSE,
Squad,mk3FuselageLF_50,Mk3 Liquid Fuel Fuselage,C7 Aerospace Division,For when your fuel needs are only 1/4 as enormous.,heavyAerodynamics,FuelTank,Radial,,attachRules/bulkheadProfiles,FALSE,
Squad,mk3CargoBayM,Mk3 Cargo Bay CRG-50,C7 Aerospace Division,"Originally we threw away the container the Rockomax X200-32 tank came in, then one day a bright and upcoming engineer suggested we reuse them. He was promptly reallocated to another department and his boss came up with the brilliant idea of reusing these containers as cargo bays!",heavyAerodynamics,Payload,MK3,,bulkheadProfiles,FALSE,
Squad,mk3CargoRamp,Mk3 Cargo Ramp,C7 Aerospace Division,"A sophisticated deployment system for cargo delivery on the ground, or on the sea, or in mid-air, or in a vacuum. Wherever you want, really.",heavyAerodynamics,Payload,MK3,,bulkheadProfiles,FALSE,
Squad,mk3CargoBayS,Mk3 Cargo Bay CRG-25,C7 Aerospace Division,"Originally we threw away the container the Rockomax X200-16 tank came in, then one day a bright and upcoming engineer suggested we reuse them. He was promptly reallocated to another department and his boss came up with the brilliant idea of reusing these containers as cargo bays!",heavyAerodynamics,Payload,MK3,,bulkheadProfiles,FALSE,
Squad,InflatableHeatShield,Heat Shield (10m),O.M.B. Demolition Enterprises,"Based on the design of a child's toy, this heat shield uses a set of inflatable rings covered with a thermal blanket to provide a generous 10 meter heat shield for reentry and deceleration, and the aerodynamic qualities of an untethered bouncy castle.",heavyLanding,Thermal,Large,2.5,bulkheadProfiles,FALSE,
Squad,GearLarge,LY-99 Extra Large Landing Gear,LightYear Tire Company,Heavy-duty retractable landing gear. With its six large tires and sturdy assembly it's the gear of choice for heavy cargo planes and airliners.,heavyLanding,Ground,Radial,,attachRules/bulkheadProfiles,FALSE,
Squad,GearMedium,LY-60 Large Landing Gear,LightYear Tire Company,Heavy-duty retractable landing gear. With its four large tires and sturdy assembly it's the gear of choice for heavy cargo planes and airliners.,heavyLanding,Ground,Radial,,attachRules/bulkheadProfiles,FALSE,
StationPartsExpansionRedux,sspx-adjusting-base-25-1,BZ-2 Adjustable Base Frame,Kerbalmax Industries,"This specialized 2.5m assembly mounts four landing pylons for surface bases. Though these pylons lack shock absorbing functions and are thus wholly unsuitable for hard landings, the individually adjustable legs allow easy base leveling. An advanced computer function can even attempt to level itself, if you wish.",heavyLanding,Ground,Large,2.5,bulkheadProfiles,FALSE,
StationPartsExpansionRedux,sspx-adjusting-base-375-1,BZ-3 Adjustable Base Frame,Kerbalmax Industries,"This specialized 3.75m assembly mounts six landing pylons for surface bases. Though these pylons lack shock absorbing functions and are thus wholly unsuitable for hard landings, the individually adjustable legs allow easy base leveling. An advanced computer function can even attempt to level itself, if you wish.",heavyLanding,Ground,XL,3.75,bulkheadProfiles,FALSE,
StationPartsExpansionRedux,sspx-adjusting-base-5-1,BZ-4 Adjustable Base Frame,Kerbalmax Industries,"This specialized 5m assembly mounts six landing pylons for surface bases. Though these pylons lack shock absorbing functions and are thus wholly unsuitable for hard landings, the individually adjustable legs allow easy base leveling. An advanced computer function can even attempt to level itself, if you wish.",heavyLanding,Ground,Huge,5,bulkheadProfiles,FALSE,
Squad,liquidEngine2-2_v2,"RE-L10 ""Poodle"" Liquid Fuel Engine",Rockomax Conglomerate,"A more reasonable engine for rough economic times, the Poodle engine doubles as a BBQ when at low power.",heavyRocketry,Engine,Large,2.5,bulkheadProfiles,FALSE,
Squad,engineLargeSkipper_v2,"RE-I5 ""Skipper"" Liquid Fuel Engine",Rockomax Conglomerate,"The smaller sibling of the Mainsail, the Skipper's power rivals that of... large cities. Combining high thrust with reasonable efficiency, this engine excels when used as a mid-stage booster.",heavyRocketry,Engine,Large,2.5,bulkheadProfiles,FALSE,
Squad,MassiveBooster,"S1 SRB-KD25k ""Kickback"" Solid Fuel Booster",Kerbodyne,"This super heavy booster is designed to be recovered after jettisoning. Once recovered, it is refurbished and refueled for another launch.",heavyRocketry,Engine,Radial,,attachRules/bulkheadProfiles,FALSE,
Squad,liquidEngine2-2,"RE-L10 ""Poodle"" Liquid Fuel Engine",Rockomax Conglomerate,"A more reasonable engine for rough economic times, the Poodle engine doubles as a BBQ when at low power.",heavyRocketry,none,Large,2.5,bulkheadProfiles,TRUE,category=none
Squad,engineLargeSkipper,"RE-I5 ""Skipper"" Liquid Fuel Engine",Rockomax Conglomerate,"The smaller sibling of the Mainsail, the Skipper's power rivals that of... large cities. Combining high thrust with reasonable efficiency, this engine excels when used as a mid-stage booster.",heavyRocketry,none,Large,2.5,bulkheadProfiles,TRUE,category=none
SquadExpansion,LiquidEngineLV-TX87,"LV-TX87 ""Bobcat"" Liquid Fuel Engine",Jebediah Kerman's Junkyard and Spacecraft Parts Co,"Meow! One of these engines gives more than enough thrust to jump as high as the sky, so we gave you two.",heavyRocketry,Engine,Radial,,attachRules/bulkheadProfiles,FALSE,
SquadExpansion,Pollux,"THK ""Pollux"" Solid Fuel Booster",Kerbodyne,"The Pollux is an engineers best friend.  Is your rocket a little too low thrust to get off the pad efficiently?  Put one on.  Still not enough?  Put on a pair.  Try six of them if that's still not enough.  Or if you're feeling really crafty, you can launch your entire rocket with just these tried and true solid rocket motors.",heavyRocketry,Engine,Radial,,attachRules/bulkheadProfiles,FALSE,
Squad,IntakeRadialLong,Adjustable Ramp Intake (Radial),C7 Aerospace Division,This intake addresses those sometimes absurd contraptions that SSTO engineers designed in an attempt to pump more and more air into their engines. Optimized for supersonic flight.,highAltitudeFlight,Aero,Radial,,attachRules/bulkheadProfiles,FALSE,
Squad,ramAirIntake,Adjustable Ramp Intake,C7 Aerospace Division,"At supersonic speeds, -PATENT PENDING, CLASSIFIED INFO- inside the intake duct deflect the incoming air stream, causing -PATENT PENDING, CLASSIFIED INFO-, which creates a -PATENT PENDING, CLASSIFIED INFO-, thereby greatly increasing the efficiency of this unit at supersonic speeds. Patents Pending.",highAltitudeFlight,Aero,Small,1.25,bulkheadProfiles,FALSE,
Squad,mk2Cockpit_Inline,Mk2 Inline Cockpit,C7 Aerospace Division,"After 'accidentally' snapping the nose off of the Mk2 Cockpit, the engineers over at the C7 Aerospace Division realised that such a design looked quite functional. They quickly hammered out the following part and spruced it up for all your inline spaceplane cockpit needs!",highAltitudeFlight,Pods,MK2,,bulkheadProfiles,FALSE,
Squad,adapterSize2-Mk2,2.5m to Mk2 Adapter,C7 Aerospace Division,"When you can't decide between a rocket and a spaceplane, why not both?",highAltitudeFlight,FuelTank,Radial,,attachRules/bulkheadProfiles,FALSE,
Squad,mk2_1m_AdapterLong,Mk2 to 1.25m Adapter Long,C7 Aerospace Division,A generic Mk1 to Mk2 adapter that was left to dry a bit too long and stretched out.,highAltitudeFlight,Propulsion,Radial,,attachRules/bulkheadProfiles,FALSE,
Squad,mk2FuselageLongLFO,Mk2 Rocket Fuel Fuselage,C7 Aerospace Division,"This airframe fuselage features the latest in lifting technology. Not only does it stay together during flight, its sleek design makes your plane just that much speedier! Now comes with at least 100% more Oxidiser.",highAltitudeFlight,Propulsion,Radial,,attachRules/bulkheadProfiles,FALSE,
Squad,mk2Fuselage,Mk2 Liquid Fuel Fuselage,C7 Aerospace Division,"This airframe fuselage features the latest in lifting technology. Not only does it stay together during flight, its sleek design makes your plane just that much speedier! Only carries Liquid Fuel.",highAltitudeFlight,Propulsion,Radial,,attachRules/bulkheadProfiles,FALSE,
Squad,mk2FuselageShortMono,Mk2 Monopropellant Tank,C7 Aerospace Division,"This airframe fuselage features the latest in lifting technology. Not only does it stay together during flight, its sleek design makes your plane just that much speedier! Bursting to the brim with Monopropellant for all your attitude control needs!",highAltitudeFlight,Propulsion,Radial,,attachRules/bulkheadProfiles,FALSE,
Squad,MK1IntakeFuselage,Mk1 Diverterless Supersonic Intake,C7 Aerospace Division,"This version of the Mk1 Fuselage module carries only a bit of fuel, but is fitted with a streamlined air intake. It consists of a ""bump"" and a forward-swept inlet cowl. This eliminates the need for a Splitter plate, while compressing the air to slow it down from supersonic to subsonic speeds. DSIs can be used to replace the intake ramp and inlet cone, which are more complex, heavy and expensive.",highAltitudeFlight,Aero,Radial,,attachRules/bulkheadProfiles,FALSE,
Squad,structuralPylon,Structural Pylon,C7 Aerospace Division,"A structural Pylon for engine Support. Designed to fit against fuselages, and hull bodies. Comes Equipped with emergency bolts to separate jet engines in the event of fire or catastrophic failure. (Not covered by warranty)",highAltitudeFlight,Structural,Radial,,attachRules/bulkheadProfiles,FALSE,
Squad,mk2CargoBayL,Mk2 Cargo Bay CRG-08,C7 Aerospace Division,The longer version of the shorter cargo bay. Some ask us just how long is it? It's exactly double the length of the other one.,highAltitudeFlight,Payload,MK2,,bulkheadProfiles,FALSE,
Squad,mk2CrewCabin,MK2 Crew Cabin,C7 Aerospace Division,"A Mk2 Profile Compliant, compact and eco-friendly crew transportation module, made from up to 80% recycled aircraft components. C7 Engineers insist that all recycled components were meticulously scrubbed clean before assembly, and take no responsibility for any odd smells that may be detected inside and/or around the unit.",highAltitudeFlight,Utility,Radial,,attachRules/bulkheadProfiles,FALSE,
Squad,mk2DockingPort,Mk2 Clamp-O-Tron,C7 Aerospace Division,The new Clamp-O-Tron brand docking port comes complete with integrated monopropellant tanks for all your docking needs.,highAltitudeFlight,Coupling,MK2,,bulkheadProfiles,FALSE,
Squad,mk2DockingPort,Mk2 Clamp-O-Tron,C7 Aerospace Division,The new Clamp-O-Tron brand docking port comes complete with integrated monopropellant tanks for all your docking needs.,highAltitudeFlight,Coupling,MK2,,bulkheadProfiles,FALSE,
SquadExpansion,ServiceModule25,SM-25 Service Module,FLOOYD Dynamics Research Labs,"A service bay, with explosive doors. Do not open by hand! This part comes with plenty of internal space for storing important items for the trip. Snacks must be securely stowed to avoid spillage and damage to the integral antenna.",highAltitudeFlight,Payload,Large,2.5,bulkheadProfiles,FALSE,
ReStockPlus,restock-decoupler-5-1,TD-50 Decoupler,O.M.B. Demolition Enterprises,An enormous decoupler that acts as a specialized tool for ripping your rocket stack apart.,highPerformanceFuelSystems,Coupling,Huge,5,bulkheadProfiles,FALSE,
ReStockPlus,restock-separator-5-1,TS-50 Separator,O.M.B. Demolition Enterprises,This stack separator is an enormous separator that has enough ejection power to inject a decent amount of impulse into objects being disconnected on either side with great gusto. Do not be near on EVA whilst staging!,highPerformanceFuelSystems,Coupling,Huge,5,bulkheadProfiles,FALSE,
ReStockPlus,restock-fuel-tank-rcs-1875-1,FL-R4 RCS Fuel Tank,Kerbodyne,A medium monopropellant tank made of four small capsules. Do not over or underpressurize - keep it juuuust right.,highPerformanceFuelSystems,FuelTank,Radial,,attachRules/bulkheadProfiles,FALSE,
ReStockPlus,restock-fuel-tank-375-4,Kerbodyne S3-1800 Tank,Kerbodyne,A special compact tank filling a particular hole in Kerbodyne's heavy part lineup. Now you can make Kerosene pancakes!,highPerformanceFuelSystems,FuelTank,Radial,,attachRules/bulkheadProfiles,FALSE,
ReStockPlus,restock-fuel-tank-rcs-375-1,FL-S1 RCS Fuel Tank,Kerbodyne,A very large monopropellant tank that stores a considerable quantity of fuel in its 6 spherical pressure vessels.,highPerformanceFuelSystems,FuelTank,Radial,,attachRules/bulkheadProfiles,FALSE,
ReStockPlus,restock-fueltank-sphere-375-1,Kerbodyne S3-900R Hemispherical Liquid Fuel Tank,Kerbodyne,"Compared to the S3-1800, the S3-900R is rounder, more spherical, and importantly, more cut in two.",highPerformanceFuelSystems,FuelTank,Radial,,attachRules/bulkheadProfiles,FALSE,
ReStockPlus,restock-nosecone-375-1,Kerbodyne S3-3600 Nosecone,Kerbodyne,A specialized and monstrous nosecone with revolutionary fuel-containing capabilities.,highPerformanceFuelSystems,FuelTank,Radial,,attachRules/bulkheadProfiles,FALSE,
ReStockPlus,restock-fueltank-5-1,Kerbodyne SIV-512K Liquid Fuel Tank,Kerbodyne,"The initial run of SIV Liquid Fuel Tanks were manufactured when the Lead Engineer sent the schematics to fabrication at a mis-labeled scale. The results came back much bigger than the KSC employees expected and thus a new range of super-sized rockets was born. One of Kerbodyne's biggest ever tanks, its a monster.",highPerformanceFuelSystems,FuelTank,Radial,,attachRules/bulkheadProfiles,FALSE,
ReStockPlus,restock-fueltank-5-2,Kerbodyne SIV-256K Liquid Fuel Tank,Kerbodyne,The initial run of SIV Liquid Fuel Tanks were manufactured when the Lead Engineer sent the schematics to fabrication at a mis-labeled scale. The results came back much bigger than the KSC employees expected and thus a new range of super-sized rockets was born. This large sized tank will keep you running for a long while.,highPerformanceFuelSystems,FuelTank,Radial,,attachRules/bulkheadProfiles,FALSE,
ReStockPlus,restock-fueltank-5-3,Kerbodyne SIV-128K Liquid Fuel Tank,Kerbodyne,The initial run of SIV Liquid Fuel Tanks were manufactured when the Lead Engineer sent the schematics to fabrication at a mis-labeled scale. The results came back much bigger than the KSC employees expected and thus a new range of super-sized rockets was born. This medium sized tank can get you places.,highPerformanceFuelSystems,FuelTank,Radial,,attachRules/bulkheadProfiles,FALSE,
ReStockPlus,restock-fueltank-5-4,Kerbodyne SIV-64K Liquid Fuel Tank,Kerbodyne,The initial run of SIV Liquid Fuel Tanks were manufactured when the Lead Engineer sent the schematics to fabrication at a mis-labeled scale. The results came back much bigger than the KSC employees expected and thus a new range of super-sized rockets was born. This smaller tank still holds a lot of juice.,highPerformanceFuelSystems,FuelTank,Radial,,attachRules/bulkheadProfiles,FALSE,
ReStockPlus,restock-fueltank-adapter-375-5-1,Kerbodyne SAIV Liquid Fuel Tank Adapter,Kerbodyne,Following Kerbodyne's effort to manufacture enormously sized tanks an adapter was required to retrofit them back to a more commonly utilized size.,highPerformanceFuelSystems,FuelTank,Radial,,attachRules/bulkheadProfiles,FALSE,
ReStockPlus,restock-fueltank-saturn-engine-1,Kerbodyne SIV Fuelled Engine Adapter,Kerbodyne,A Kerbodyne Design Engineer recently heard of the word 'Quincunx' and upon looking up its definition realized that it would be the perfect shape to house five engines underneath the huge SIV range of Liquid Fuel Tanks.,highPerformanceFuelSystems,FuelTank,Radial,,attachRules/bulkheadProfiles,FALSE,
Squad,Size3LargeTank,Kerbodyne S3-14400 Tank,Kerbodyne,"When nobody believed in (or even asked for) an even larger fuel tank than the already enormous S3-7200, Kerbodyne stepped up with the sanity-defying S3-14400 model. Carrying fully twice as much fuel as before, this fuel tank may just pack enough propellant to justify its proportionately enormous cost.",highPerformanceFuelSystems,Propulsion,Radial,,attachRules/bulkheadProfiles,FALSE,
SquadExpansion,Decoupler_4,TD-50 Decoupler,O.M.B. Demolition Enterprises,This decoupler removes large unwanted items. Originally borrowed from O.M.B mining.,highPerformanceFuelSystems,Coupling,Huge,5,bulkheadProfiles,FALSE,
SquadExpansion,Separator_4,TS-50 Stack Separator,O.M.B. Demolition Enterprises,"Kaboom! But in a controlled, Kerbal way",highPerformanceFuelSystems,Coupling,Huge,5,bulkheadProfiles,FALSE,
SquadExpansion,Size3_Size4_Adapter_01,Kerbodyne S3-S4 Adapter Tank,Kerbodyne,These fuel-filled adapters come in a variety of sizes for connecting larger and smaller tanks.,highPerformanceFuelSystems,FuelTank,Radial,,attachRules/bulkheadProfiles,FALSE,
SquadExpansion,Size4_EngineAdapter_01,Kerbodyne Engine Cluster Adapter Tank,Kerbodyne,"When Kerbodyne engineers realized that no single engine currently manufactured could justify the use of the S4 fuel tank line, they added attachment points for five of them on this handy adapter tank.",highPerformanceFuelSystems,FuelTank,Radial,,attachRules/bulkheadProfiles,FALSE,
SquadExpansion,Size4_Tank_01,Kerbodyne S4-64 Fuel Tank,Kerbodyne,"Originally the result of a unit of measure conversion bug, the S4 series of fuel tanks transcend the preposterous into the truly absurd. When 'More boosters' fails and is replaced with 'More engines!', the S4 series tanks will be there to loft your dreams, no matter how ridiculous and over-engineered, into the sky on massive trails of fire.",highPerformanceFuelSystems,FuelTank,Radial,,attachRules/bulkheadProfiles,FALSE,
SquadExpansion,Size4_Tank_02,Kerbodyne S4-128 Fuel Tank,Kerbodyne,"Originally the result of a unit of measure conversion bug, the S4 series of fuel tanks transcend the preposterous into the truly absurd. When 'More boosters' fails and is replaced with 'More engines!', the S4 series tanks will be there to loft your dreams, no matter how ridiculous and over-engineered, into the sky on massive trails of fire.",highPerformanceFuelSystems,FuelTank,Radial,,attachRules/bulkheadProfiles,FALSE,
SquadExpansion,Size4_Tank_03,Kerbodyne S4-256 Fuel Tank,Kerbodyne,"Originally the result of a unit of measure conversion bug, the S4 series of fuel tanks transcend the preposterous into the truly absurd. When 'More boosters' fails and is replaced with 'More engines!', the S4 series tanks will be there to loft your dreams, no matter how ridiculous and over-engineered, into the sky on massive trails of fire.",highPerformanceFuelSystems,FuelTank,Radial,,attachRules/bulkheadProfiles,FALSE,
SquadExpansion,Size4_Tank_04,Kerbodyne S4-512 Fuel Tank,Kerbodyne,"Originally the result of a unit of measure conversion bug, the S4 series of fuel tanks transcend the preposterous into the truly absurd. When 'More boosters' fails and is replaced with 'More engines!', the S4 series tanks will be there to loft your dreams, no matter how ridiculous and over-engineered, into the sky on massive trails of fire.",highPerformanceFuelSystems,FuelTank,Radial,,attachRules/bulkheadProfiles,FALSE,
Squad,AdvancedCanard,Advanced Canard,C7 Aerospace Division,"Our engineers thought this design looked ""high tech"" and therefore must be clear improvement on earlier models.",hypersonicFlight,Aero,Radial,,attachRules/bulkheadProfiles,FALSE,
Squad,shockConeIntake,Shock Cone Intake,C7 Aerospace Division,A shocking new intake from the C7 Aerospace Division that brought you much adored parts such as the Delta Wing and the Standard Nosecone! Offers exceptional performance at all speeds and has some heat shielding of its own.,hypersonicFlight,Aero,Small,1.25,bulkheadProfiles,FALSE,
Squad,turboFanEngine,"J-X4 ""Whiplash"" Turbo Ramjet Engine",C7 Aerospace Division,"A highly advanced turbine engine using space-grade materials for very high performance. This new model features the latest in thrust vectoring and compression technology and is designed to operate best at higher altitudes and speeds. The advanced turbo ramjet design bleeds air around the compressor at high speed allowing a far maximum speed than regular jet engines, so engineers from C7 Aerospace assured us all those leaks are intentional.",hypersonicFlight,Engine,Small,1.25,bulkheadProfiles,FALSE,
Squad,toroidalAerospike,"T-1 Toroidal Aerospike ""Dart"" Liquid Fuel Engine",C7 Aerospace Division,"The Toroidal Aerospike is a huge breakthrough from C7 Aerospace. While heavier than previous models, with its heavy-duty exhaust nozzle, the Aerospike makes up for it with an efficient burning of fuel at all altitudes.",hypersonicFlight,Engine,Radial,,attachRules/bulkheadProfiles,FALSE,
Squad,radialEngineBody,Engine Pre-cooler,C7 Aerospace Division,"Advanced materials allow this cooler to wick away the heat from attached engines. In addition, it features additional intake area optimized for supersonic flight and powerful static suction.",hypersonicFlight,Aero,Radial,,attachRules/bulkheadProfiles,FALSE,
Squad,ionEngine,"IX-6315 ""Dawn"" Electric Propulsion System",Ionic Symphonic Protonic Electronics,"By emitting ionized xenon gas through a small thruster port, Dawn can produce incredibly efficient propulsion, but with a downside of very low thrust and high energy usage. According to ISP Electronics sales reps, the rumours of this engine being powered by ""dark magic"" are largely exaggerated.",ionPropulsion,Engine,Tiny,0.625,bulkheadProfiles,FALSE,
Squad,xenonTank,PB-X150 Xenon Container,Probodobodyne Inc,"Although most of the Probodobodyne staff couldn't pronounce ""Xenon"", when told how to say it correctly, they all agreed it sounded super-cool - and everything possible should be done so it could be used as a fuel, no matter the cost.",ionPropulsion,FuelTank,Tiny,0.625,bulkheadProfiles,FALSE,
Squad,xenonTankLarge,PB-X750 Xenon Container,Probodobodyne Inc,"Although most of the Probodobodyne staff couldn't pronounce ""Xenon"", when told how to say it correctly, they all agreed it sounded super-cool - and everything possible should be done so it could be used as a fuel, no matter the cost.",ionPropulsion,FuelTank,Small,1.25,bulkheadProfiles,FALSE,
Squad,xenonTankRadial,PB-X50R Xenon Container,,"The X50R is a small-volume Xenon container, heralded by engineers for being ideally suited for small ion-driven spacecraft, and also for having thoroughly disproved management in their notion that a smaller fuel tank would make the fuel cheaper.",ionPropulsion,FuelTank,Radial,,attachRules/bulkheadProfiles,FALSE,
ReStockPlus,restock-heatshield-1875-1,Heat Shield (1.875m),O.M.B. Demolition Enterprises,"A specially sized thermal shield for medium sized rockets. Curiously, has a passageway for a hatch in there - almost looks like it was made by moles.",landing,Thermal,Medium,1.875,bulkheadProfiles,FALSE,
ReStockPlus,restock-engine-les-2,Launch Escape System Jr.,Kerbodyne,A smaller solid rocket tower for yeeting crew away from certain death.,landing,Utility,Radial,,attachRules/bulkheadProfiles,FALSE,
Squad,HeatShield2,Heat Shield (2.5m),O.M.B. Demolition Enterprises,A medium structural heat shield with an integrated fairing,landing,Thermal,Large,2.5,bulkheadProfiles,FALSE,
Squad,landingLeg1,LT-1 Landing Struts,Moving Parts Experts Group,"It may have been originally designed as a heavy-duty metal detector, but this landing leg certainly emphasises an important fact in surface landings: you don't need to put a crater in the ground to stop yourself!",landing,Ground,Radial,,attachRules/bulkheadProfiles,FALSE,
Squad,LaunchEscapeSystem,Launch Escape System,Kerbodyne,This solid rocket tower is designed to wrench the command pod up and away from a malfunctioning rocket.,landing,Utility,Radial,,attachRules/bulkheadProfiles,FALSE,
Squad,parachuteLarge,Mk16-XL Parachute,,"The Mk16-XL Parachute is a double-sized variant of the Mk16, now with only 50% of the structural integrity!",landing,Utility,Radial,,attachRules/bulkheadProfiles,FALSE,
Squad,SmallGearBay,LY-10 Small Landing Gear,LightYear Tire Company,"High performance retractable landing gear. Comes with shock absorber, steering and a built-in spotlights. If we didn't tell you, you'd never know that most of those components were salvaged from scrapped machinery... oh.",landing,Ground,Radial,,attachRules/bulkheadProfiles,FALSE,
SquadExpansion,HeatShield1p5,Heat Shield (1.875m),O.M.B. Demolition Enterprises,A medium structural heat shield with an integrated fairing,landing,Thermal,Medium,1.875,bulkheadProfiles,FALSE,
ReStockPlus,restock-battery-1875-1,Z-2.5K Rechargeable Battery Bank,Zaltonic Electronics,Medium battery pack for medium battery applications.,largeElectrics,Electrical,Medium,1.875,bulkheadProfiles,FALSE,
SCANsat,scansat-sar-radarsat-2-1,SAR-C Antenna,SCAN: Scientific Committee on Advanced Navigation,"An advanced synthetic aperture radar instrument, which uses more power to operate at larger swaths and from higher altitudes. Effectively captures high resolution elevation data from medium orbits, but is restricted to a very narrow range of operation. Uses a large amount of power and functions in lit and unlit situations.",largeElectrics,Science,Radial,,attachRules/bulkheadProfiles,FALSE,
Squad,solarPanelOX10C,OX-10C Photovoltaic Panels,Probodobodyne Inc,The -10C versions of probodobodyne's award winning line of photovoltaic cells have a unique feature - they're round! This special method of deployment offers yet another option for a spacecraft's power needs. Warning: Not retractable once deployed.,largeElectrics,Electrical,Radial,,attachRules/bulkheadProfiles,FALSE,
Squad,solarPanelSP10C,SP-10C Photovoltaic Panels,Probodobodyne Inc,The -10C versions of probodobodyne's award winning line of photovoltaic cells have a unique feature - they're round! This special method of deployment offers yet another option for a spacecraft's power needs.,largeElectrics,Electrical,Radial,,attachRules/bulkheadProfiles,FALSE,
Squad,solarPanelOX10L,OX-10L 1x5 Photovoltaic Panels,Probodobodyne Inc,"A larger version of the OX-4 series of solar panels. Includes advanced heat radiators, and a deploying bracket to keep the panels clear of other sensitive instruments on the craft. Warning: Not retractable once deployed.",largeElectrics,Electrical,Radial,,attachRules/bulkheadProfiles,FALSE,
Squad,solarPanelSP10L,SP-10L 1x5 Photovoltaic Panels,Probodobodyne Inc,This enhanced version of the SP series photovoltaic panels provides improved power generation by increasing solar array area by a full five fold. The SP model as always includes a case to allow the panel to be retracted when its not needed or when keeping it deployed could mean damage to the sensitive panels.,largeElectrics,Electrical,Radial,,attachRules/bulkheadProfiles,FALSE,
Squad,largeSolarPanel,Gigantor XL Solar Array,Probodobodyne Inc,"The single largest solar array available for purchase, the Gigantor XL offers tremendous generation potential from a compact initial package.  Includes passive radiators on the reverse side for better heat dissipation.",largeElectrics,Electrical,Radial,,attachRules/bulkheadProfiles,FALSE,
Squad,batteryBank,Z-1k Rechargeable Battery Bank,Zaltonic Electronics,"The Z-1k is a stackable battery bank, with ten times the power capacity of the Z-100.",largeElectrics,Electrical,Small,1.25,bulkheadProfiles,FALSE,
Squad,FuelCell,Fuel Cell,Zaltonic Electronics,A small fuel cell that allows fuel and oxidizer to be converted into energy.  Handy for those places where a solar panel will not do.  Also handy for re-heating snacks.,largeElectrics,Electrical,Radial,,attachRules/bulkheadProfiles,FALSE,
Squad,foldingRadLarge,Thermal Control System (large),Probodobodyne Inc,A deployable thermal control system consisting of multiple liquid cooled radiator panels.,largeElectrics,Thermal,Radial,,attachRules/bulkheadProfiles,FALSE,
ReStockPlus,restock-drone-core-375-1,RC-XL001 Remote Guidance Unit,STEADLER Engineering Corps,"The massive XL RGU system designed by Kerbodyne and built by STEADLER is a triumph of aerospace engineering and contains important features such as the large empty void in the center, which can be filled with anything you like. Unlike other stack RGUs, it contains powerful reaction wheels so doubles as a guidance unit.",largeUnmanned,Pods,XL,3.75,bulkheadProfiles,FALSE,
SCANsat,scansat-recon-kh11-1,VS-11 Classified Reconnaissance Imager,SCAN: Scientific Committee on Advanced Navigation,The *REDACTED* can observe *REDACTED* targets every *REDACTED* from altitudes of *REDACTED* to *REDACTED*. Such amazing *REDACTED* have led *REDACTED* to speculate that *REDACTED* *REDACTED*. Uses a medium amount of power and functions only in lit situations.,largeUnmanned,Science,Radial,,attachRules/bulkheadProfiles,FALSE,
Squad,MpoProbe,MPO Probe,STEADLER Engineering Corps,"The Moho Planetary Observer combines the function of many parts in one, to help make sure the searing heat of its primary mission target is distributed and dissipated without harming its critical control functionality.",largeUnmanned,Pods,Large,2.5,bulkheadProfiles,FALSE,
Squad,MtmStage,MTM Stage,STEADLER Engineering Corps,The Moho Transfer Module houses a control core and a generously sized xenon tank. Perfect for transporting large scientific payloads anywhere where large amounts of deltaV are required.,largeUnmanned,Pods,Large,2.5,bulkheadProfiles,FALSE,
Squad,probeStackLarge,RC-L01 Remote Guidance Unit,STEADLER Engineering Corps,"A larger version of the popular RGU system, developed in partnership with the Rockomax conglomerate.",largeUnmanned,Pods,Large,2.5,bulkheadProfiles,FALSE,
Squad,Decoupler_3,TD-37 Decoupler,O.M.B. Demolition Enterprises,"Originally designed for separating buildings that were stuck together, O.M.B. has repurposed these explosive bolts for use in separating stacks of massive rockets.",largeVolumeContainment,Coupling,XL,3.75,bulkheadProfiles,FALSE,
Squad,Size3MediumTank,Kerbodyne S3-7200 Tank,Kerbodyne,Kerbodyne's signature heavy fuel tank. Designed to be used with their advanced rocket engines.,largeVolumeContainment,Propulsion,Radial,,attachRules/bulkheadProfiles,FALSE,
Squad,Size3SmallTank,Kerbodyne S3-3600 Tank,Kerbodyne,"A half-capacity version of Kerbodyne's iconic fuel tank, for not quite exactly half the cost.",largeVolumeContainment,Propulsion,Radial,,attachRules/bulkheadProfiles,FALSE,
Squad,Size3To2Adapter_v2,Kerbodyne ADTP-2-3,Kerbodyne,This adapter is used to bridge between Kerbodyne and Rockomax rocket bodies.,largeVolumeContainment,FuelTank,XL,3.75,bulkheadProfiles,FALSE,
Squad,size3Decoupler,TR-38-D,O.M.B. Demolition Enterprises,"Originally designed to separate buildings that were stuck together, O.M.B has repurposed these explosive bolts for use in separating stacks of massive rockets.",largeVolumeContainment,none,XL,3.75,bulkheadProfiles,TRUE,category=none
Squad,Size3to2Adapter,Kerbodyne ADTP-2-3,Kerbodyne,This adapter is used to bridge between Kerbodyne and Rockomax rocket bodies.,largeVolumeContainment,none,XL,3.75,bulkheadProfiles,TRUE,category=none
StationPartsExpansionRedux,sspx-cargo-container-25-1,PPD-CRG-1 Logistics Module,Kerbin Resource Development Administration,"A long 2.5m logistics module, storing a wide variety of possible commodities.",largeVolumeContainment,Payload,Large,2.5,bulkheadProfiles,FALSE,
StationPartsExpansionRedux,sspx-cargo-container-25-2,PPD-CRG-2 Logistics Module,Kerbin Resource Development Administration,"A medium-sized 2.5m logistics module, storing a wide variety of possible commodities.",largeVolumeContainment,Payload,Large,2.5,bulkheadProfiles,FALSE,
StationPartsExpansionRedux,sspx-cargo-container-25-3,PPD-CRG-3 Logistics Module,Kerbin Resource Development Administration,"A compact 2.5m logistics module, storing a wide variety of possible commodities.",largeVolumeContainment,Payload,Large,2.5,bulkheadProfiles,FALSE,
StationPartsExpansionRedux,sspx-cargo-container-375-1,PXL-CRG-1 Logistics Module,Kerbin Resource Development Administration,"A long 3.75m logistics module, storing a wide variety of possible commodities.",largeVolumeContainment,Payload,XL,3.75,bulkheadProfiles,FALSE,
StationPartsExpansionRedux,sspx-cargo-container-375-2,PXL-CRG-2 Logistics Module,Kerbin Resource Development Administration,"A medium-sized 3.75m logistics module, storing a wide variety of possible commodities.",largeVolumeContainment,Payload,XL,3.75,bulkheadProfiles,FALSE,
StationPartsExpansionRedux,sspx-cargo-container-375-3,PXL-CRG-3 Logistics Module,Kerbin Resource Development Administration,"A compact 3.75m logistics module, storing a wide variety of possible commodities.",largeVolumeContainment,Payload,XL,3.75,bulkheadProfiles,FALSE,
StationPartsExpansionRedux,sspx-cargo-container-radial-huge-1,KRDA-XL8000 Cargo Container,Kerbin Resource Development Administration,A huge transport container commissioned to transport large volumes of cargo anywhere in the system. Can store any of a wide variety of cargoes.,largeVolumeContainment,Payload,Radial,,attachRules/bulkheadProfiles,FALSE,
StationPartsExpansionRedux,sspx-cargo-container-radial-huge-2,KRDA-XL4000 Cargo Container,Kerbin Resource Development Administration,A slightly smaller transport container commissioned to transport large volumes of cargo anywhere in the system. Can store any of a wide variety of cargoes.,largeVolumeContainment,Payload,Radial,,attachRules/bulkheadProfiles,FALSE,
StationPartsExpansionRedux,sspx-logistics-5-1,SDV-1 'Leto' Deep Space Logistics Module,Post-Kerbin Mining Corporation,Store just as much cargo as you need.,largeVolumeContainment,Payload,Huge,5,bulkheadProfiles,FALSE,
StationPartsExpansionRedux,sspx-logistics-5-2,SDV-1X 'Atriedes' Deep Space Logistics Module,Post-Kerbin Mining Corporation,"Store really a lot of cargo, but maybe less than you need.",largeVolumeContainment,Payload,Huge,5,bulkheadProfiles,FALSE,
ReStockPlus,restock-nosecone-5-1,Kerbodyne SIV Nosecone,Kerbodyne,A very sizeable nosecone for very sizeable rockets.,metaMaterials,Aero,Radial,,attachRules/bulkheadProfiles,FALSE,
ReStockPlus,restock-docking-375-1,Clamp-O-Tron Docking Port 'Grande',,"When the thrill of docking enormous objects in space disappears, one must logically proceed to humongous objects. This even larger docking port is the result of 6 months of R&D to define the precise meaning of the word 'humongous'.",metaMaterials,Coupling,XL,3.75,bulkheadProfiles,FALSE,
ReStockPlus,restock-engineplate-5-1,EP-50 Engine Plate,Rokea Inc,"An enormous plate for holding one or more engines, with included decoupler for anything attached below it. Upgraded version currently pending government approval.",metaMaterials,Coupling,Huge,5,bulkheadProfiles,FALSE,
ReStockPlus,restock-fairing-base-5-1,AE-FF4 Airstream Protective Shell (5m),,"While the Kerbals at Mission Control were still figuring out how to get their rockets back down to Kerbin safely, the research engineers at FLOOYD were quickly realising that protecting parts on ascent was just as important. Heavy research into two-dimensional-input driven procedural construction was then funded with the hopes of making protective shells for important payloads and interstage areas of the crafts. The protective shells also have the benefit of making the craft more aerodynamic, hopefully saving on precious rocket fuel!",metaMaterials,Payload,Huge,5,bulkheadProfiles,FALSE,
ReStockPlus,restock-structural-tube-5-1,TB-500 Structural Tube,Rokea Inc,"Truly, the largest tube we have. Available in many lengths and even finishes!",metaMaterials,Structural,Huge,5,bulkheadProfiles,FALSE,
Squad,adapterLargeSmallBi,TVR-200L Stack Bi-Adapter,O.M.B. Demolition Enterprises,"After realizing 'larger circles' wasn't a very patentable concept, O.M.B. Enterprises rolled out a new line of ingenious multi-connector adapters to fit Rockomax sized parts. Lawsuit still pending. Converts a single 2.5m stack into two 1.25m stacks.",metaMaterials,Structural,Large,2.5,bulkheadProfiles,FALSE,
Squad,adapterLargeSmallQuad,TVR-400L Stack Quad-Adapter,O.M.B. Demolition Enterprises,"After realizing 'larger circles' wasn't a very patentable concept, O.M.B. Enterprises rolled out a new line of ingenious multi-connector adapters to fit Rockomax sized parts. Lawsuit still pending. Converts a single 2.5m stack into four 1.25m stacks.",metaMaterials,Structural,Large,2.5,bulkheadProfiles,FALSE,
Squad,adapterLargeSmallTri,TVR-300L Stack Tri-Adapter,O.M.B. Demolition Enterprises,"After realizing 'larger circles' wasn't a very patentable concept, O.M.B. Enterprises rolled out a new line of ingenious multi-connector adapters to fit Rockomax sized parts. Lawsuit still pending. Converts a single 2.5m stack into three 1.25m stacks.",metaMaterials,Structural,Large,2.5,bulkheadProfiles,FALSE,
Squad,stationHub,Rockomax HubMax Multi-Point Connector,Rockomax Conglomerate,"When it was unveiled at the 3rd annual Rockets & Explosions festival, the HubMax Multi-Point Connector caused several patrons to die of shock on the spot. 'All my life I thought rocket parts could be placed one way - up! But Rockomax today has shattered that notion' said one survivor, who asked to remain anonymous. Needless to say, this part may very well herald a revolution in construction technologies. Docking ports sold separately.",metaMaterials,Structural,Small,1.25,bulkheadProfiles,FALSE,
Squad,dockingPortLarge,Clamp-O-Tron Docking Port Sr.,,"The Clamp-O-Tron Sr. is the result of intense and costly development to answer the problem of how to make docking connections more sturdy. Thanks to the brilliant suggestion of the staff janitor ""why don't you make 'em bigger?"", the public now can enjoy the sheer thrill of docking enormous objects in space.",metaMaterials,Coupling,Large,2.5,bulkheadProfiles,FALSE,
Squad,adapterLargeSmallBi,TVR-200L Stack Bi-Adapter,O.M.B. Demolition Enterprises,"After realizing 'larger circles' wasn't a very patentable concept, O.M.B. Enterprises rolled out a new line of ingenious multi-connector adapters to fit Rockomax sized parts. Lawsuit still pending. Converts a single 2.5m stack into two 1.25m stacks.",metaMaterials,Structural,Large,2.5,bulkheadProfiles,FALSE,
Squad,adapterLargeSmallQuad,TVR-400L Stack Quad-Adapter,O.M.B. Demolition Enterprises,"After realizing 'larger circles' wasn't a very patentable concept, O.M.B. Enterprises rolled out a new line of ingenious multi-connector adapters to fit Rockomax sized parts. Lawsuit still pending. Converts a single 2.5m stack into four 1.25m stacks.",metaMaterials,Structural,Large,2.5,bulkheadProfiles,FALSE,
Squad,adapterLargeSmallTri,TVR-300L Stack Tri-Adapter,O.M.B. Demolition Enterprises,"After realizing 'larger circles' wasn't a very patentable concept, O.M.B. Enterprises rolled out a new line of ingenious multi-connector adapters to fit Rockomax sized parts. Lawsuit still pending. Converts a single 2.5m stack into three 1.25m stacks.",metaMaterials,Structural,Large,2.5,bulkheadProfiles,FALSE,
Squad,dockingPortLarge,Clamp-O-Tron Docking Port Sr.,,"The Clamp-O-Tron Sr. is the result of intense and costly development to answer the problem of how to make docking connections more sturdy. Thanks to the brilliant suggestion of the staff janitor ""why don't you make 'em bigger?"", the public now can enjoy the sheer thrill of docking enormous objects in space.",metaMaterials,Coupling,Large,2.5,bulkheadProfiles,FALSE,
SquadExpansion,rocketNoseConeSize4,Protective Rocket Nose Cone Mk16A,Goliath National Products,An immense nosecone for massive 5m rocket stacks.,metaMaterials,Aero,Huge,5,bulkheadProfiles,FALSE,
SquadExpansion,EnginePlate4,EP-50 Engine Plate,FLOOYD Dynamics Research Labs,Inspired by an upside down birthday cake. Now with added shrouds for windy days. For clustering the largest engines on the largest tanks.,metaMaterials,Coupling,Huge,5,bulkheadProfiles,FALSE,
SquadExpansion,fairingSize4,AE-FF5 Airstream Protective Shell (5m),FLOOYD Dynamics Research Labs,"While the Kerbals at Mission Control were still figuring out how to get their rockets back down to Kerbin safely, the research engineers at FLOOYD were quickly realising that protecting parts on ascent was just as important. Heavy research into two-dimensional-input driven procedural construction was then funded with the hopes of making protective shells for important payloads and interstage areas of the crafts. The protective shells also have the benefit of making the craft more aerodynamic, hopefully saving on precious rocket fuel!",metaMaterials,Payload,Huge,5,bulkheadProfiles,FALSE,
SquadExpansion,Tube4,T-50 Structural Tube,Rokea Inc,Stacking enough of these could make a revolutionary snack delivery system.,metaMaterials,Structural,Huge,5,bulkheadProfiles,FALSE,
SquadExpansion,flagPartSize4,RFP-4 Flag (5m),Rokea Inc,"A huge flag that can be applied to size 4 tanks and other parts with the same curvature to show pride in your mission. Or use a different mission flag, if you really want to go that way.",metaMaterials,Utility,Radial,,attachRules/bulkheadProfiles,FALSE,
StationPartsExpansionRedux,sspx-expandable-centrifuge-375-1,PXL-E 'Mercury' Extensible Centrifuge,Kerbalmax Industries,"A truly enormous centrifuge of 25m diameter when fully deployed. Allows a spin gravity of up to 0.6g at a comfortably slow rotation rate and space for up to 14 brave Kerbals. A fully integrated living solution, the Mercury has a well-appointed kitchen, exercise equipment and a medical facility. With ten individual cabins, crew rotations are less arduous.",metaMaterials,Utility,XL,3.75,bulkheadProfiles,FALSE,
StationPartsExpansionRedux,sspx-expandable-centrifuge-375-2,PXL-F 'Pilgrim' Extensible Centrifuge,Kerbalmax Industries,"A somewhat compact centrifuge with an innovative ""multi-gravity"" design. Each of the decks has a different spin gravity, increasing the challenge level for crew! Every arm has a similar configuration, with exercise areas, kitchen facility and sleeping zones. Holds up to 10 Kerbals.",metaMaterials,Utility,XL,3.75,bulkheadProfiles,FALSE,
StationPartsExpansionRedux,sspx-expandable-centrifuge-5-1,SDV-X 'Cronus' Extensible Centrifuge,Kerbalmax Industries,"A very large contiguous ring centrifuge for deep space missions. Includes integrated lab facilities in one of three habitation areas, as well as luxurious accomodations and storage. Holds up to 16 Kerbals.",metaMaterials,Utility,Huge,5,bulkheadProfiles,FALSE,
StationPartsExpansionRedux,sspx-hub-125-1,PAS-MULT Multi-Point Station Connector,Kerbalmax Industries,"White painted six-way station hubs match other Kerbalmax parts perfectly. Can be modified with a great number of variants, from a basic 6-way mount to angled 45 and 30 degree mounts. Available now at any reputable parts dealer.",metaMaterials,Structural,Small,1.25,bulkheadProfiles,FALSE,
StationPartsExpansionRedux,sspx-hub-1875-1,PMA-MULT Multi-Point Station Connector,Kerbalmax Industries,"If you want to connect modules in all sorts of orientations and directions, you need this part! Buy one today and get a can of pressurized air practically free.",metaMaterials,Structural,Medium,1.875,bulkheadProfiles,FALSE,
StationPartsExpansionRedux,sspx-hub-25-1,PPD-MULT Multi-Point Station Connector,Kerbalmax Industries,"Sometimes, you just need a little more hub. This hub provides, in spades! Any connection is possible, from class 6-way to angled 45 and 30 degree mounts. Order today!",metaMaterials,Structural,Radial,,attachRules/bulkheadProfiles,FALSE,
StationPartsExpansionRedux,sspx-core-375-1,PXL-10 'Harbour' Station Control Centre,Kerbalmax Industries,An extra-large control centre for large structures or spacecraft. Houses up to five Kerbals and functions as a fully-equipped probe control centre. Well shielded for deep-space operations - just don't bring the fleet out of hyperspace too close to the planet.,metaMaterials,Pods,XL,3.75,bulkheadProfiles,FALSE,
StationPartsExpansionRedux,sspx-habitation-375-3,PXL-3 'Asylum' Storm Cellar Module,Kerbalmax Industries,"In case of a solar flare, it could be useful to provide a module with extra shielding, in which the crew can hunker down. The main shielding is provided by radial fuel tanks between the hull and the shelter. Six Kerbals can hide here in cramped conditions, with three bunks for long waits. Has integrated EVA rails.",metaMaterials,Utility,XL,3.75,bulkheadProfiles,FALSE,
StationPartsExpansionRedux,sspx-core-5-1,SDV-3 'Minerva' Deep Space Control Module,Kerbalmax Industries,The ultimate in station control. Contains useful heat-leaching observation windows for surveying your domain and planning conquest of nearby fiefdoms. Two independantly openable hatches expose a cargo closet and a fully featured airlock. Topping it all off is a small observation seat for one lonely kerbal to stare at the stars in solitude.,metaMaterials,Pods,Huge,5,bulkheadProfiles,FALSE,
Squad,evaScienceKit,EVA Experiments Kit,Probodobodyne Inc,"Probodobodyne has meticulously curated and assembled this case full of various devices useful for science experiments.\n\nDespite observations to the contrary, we feel that the inability of our astronauts to find a good use for the collapsible top hat and magic wand is more to do with a lack of creativity... rather than a case of them being left over from prior use.",miniaturization,Cargo,,,,FALSE,
Squad,Separator_0,TS-06 Stack Separator,O.M.B. Demolition Enterprises,"The TS-06 is a utility for slicing a rocket into two halves, but in a more compact size. The manual says the explosive content is just enough to eject anything attached to the unit in a safe, controlled manner. The delivery guy did have a full bomb suit on though, so try not to drop it.",miniaturization,Coupling,Tiny,0.625,bulkheadProfiles,FALSE,
Squad,adapterSmallMiniShort,FL-A5 Adapter,Jebediah Kerman's Junkyard and Spacecraft Parts Co,A small parts adapter for FL-T based fuselages.,miniaturization,Structural,Small,1.25,bulkheadProfiles,FALSE,
Squad,adapterSmallMiniTall,FL-A10 Adapter,Jebediah Kerman's Junkyard and Spacecraft Parts Co,A small parts adapter for FL-T based fuselages.,miniaturization,Structural,Small,1.25,bulkheadProfiles,FALSE,
Squad,dockingPort3,Clamp-O-Tron Docking Port Jr.,,"Originally marketed as a child-size version of the normal Clamp-O-Tron, the Clamp-O-Tron Jr. soon found use among hobbyists and professional space agencies alike for its compact profile, lightweight structure, and all-round cuteness. As a result of its small size, kerbals need to hold their breath and wiggle to slip through.",miniaturization,Coupling,Radial,,attachRules/bulkheadProfiles,FALSE,
Squad,adapterSmallMiniShort,FL-A5 Adapter,Jebediah Kerman's Junkyard and Spacecraft Parts Co,A small parts adapter for FL-T based fuselages.,miniaturization,Structural,Small,1.25,bulkheadProfiles,FALSE,
Squad,adapterSmallMiniTall,FL-A10 Adapter,Jebediah Kerman's Junkyard and Spacecraft Parts Co,A small parts adapter for FL-T based fuselages.,miniaturization,Structural,Small,1.25,bulkheadProfiles,FALSE,
Squad,stackSeparatorMini,TR-2C Stack Separator,O.M.B. Demolition Enterprises,"Similarly to the TR-18D, the TR-2C is a utility for slicing a rocket into two halves, but now in a more compact size. The manual says the explosive content is just enough to eject anything attached to the unit in a safe, controlled manner. The delivery guy did have a full bomb suit on though, so try not to drop it.",miniaturization,none,Tiny,0.625,bulkheadProfiles,TRUE,category=none
Squad,dockingPort3,Clamp-O-Tron Docking Port Jr.,,"Originally marketed as a child-size version of the normal Clamp-O-Tron, the Clamp-O-Tron Jr. soon found use among hobbyists and professional space agencies alike for its compact profile, lightweight structure, and all-round cuteness. As a result of its small size, kerbals need to hold their breath and wiggle to slip through.",miniaturization,Coupling,Radial,,attachRules/bulkheadProfiles,FALSE,
SquadExpansion,DeployedGoExOb,Go-ob ED Monitor,FLOOYD Dynamics Research Labs,"""What would happen if you left some Mystery Goo sitting around in the weird radiation and/or atmosphere of some faraway planet?"" is a thought that has occurred to nearly every Kerbal. And now, you can find out thanks to the intrepid engineers at FLOOYD.\n\nNote: Please allow trained Scientists to deploy for best results.\nAlso Note: Please do not return to Kerbin. Ever! <color=orange>Needs a deployed power unit & central station to operate.</color>",miniaturization,Cargo,,,,FALSE,
ReStockPlus,restock-adapter-hollow-25-375-1,Kerbodyne ADTP-2-3A,Kerbodyne,"A gutted version of the other Kerbodyne adapter, which allows the storage of spacecraft components in its core.",nanolathing,Structural,XL,3.75,bulkheadProfiles,FALSE,
ReStockPlus,restock-adapter-skeletal-25-375-1,Kerbodyne SKLE-2-3,Kerbodyne,A structural adapter for upper stages.,nanolathing,Structural,XL,3.75,bulkheadProfiles,FALSE,
StationPartsExpansionRedux,sspx-adapter-25-375-1,PXL-2A Conical Adapter,Kerbalmax Industries,This bukly adapter provides a different slope for your connection needs. Integrated EVA cabling help the discerning Kerbalnaut with his activities.,nanolathing,Structural,XL,3.75,bulkheadProfiles,FALSE,
StationPartsExpansionRedux,sspx-adapter-25-375-2,PXL-PPD Flat Adapter,Kerbalmax Industries,The ability to connect PPD parts seamlessly to PXL parts will change everything... again.,nanolathing,Structural,XL,3.75,bulkheadProfiles,FALSE,
StationPartsExpansionRedux,sspx-habitation-375-1,PXL-1 'Hostel' Deep-Space Habitation Module,Kerbalmax Industries,"A larger rigid-hulled habitat, the Hostel has space for up to twelve Kerbals with individual cabins. Designed for deep space, it has adequate radiation protection and contains a full suite of hygiene and exercise equipment. Has integrated EVA rails.",nanolathing,Utility,XL,3.75,bulkheadProfiles,FALSE,
StationPartsExpansionRedux,sspx-habitation-375-2,PXL-2 'Shelter' Deep-Space Habitation Module,Kerbalmax Industries,"A six-Kerbal module, the rigid-shelled Shelter has space for six Kerbals who can sleep in nicely furnished if somewhat cramped sleeping cells. Tough outer walls give radiation protection and peace of mind. Has integrated EVA rails.",nanolathing,Utility,XL,3.75,bulkheadProfiles,FALSE,
StationPartsExpansionRedux,sspx-adapter-375-5-1,SDV-4 Adapter,Post-Kerbin Mining Corporation,"A larger 5m to 3.75m adapter with structural truss members and tiny, useless crew windows.",nanolathing,Structural,Huge,5,bulkheadProfiles,FALSE,
StationPartsExpansionRedux,sspx-adapter-375-5-2,SDV-6 Flat Adapter,Post-Kerbin Mining Corporation,A really flat 5m to 3.75m adapter useful to adapt stations to other stations.,nanolathing,Structural,Huge,5,bulkheadProfiles,FALSE,
StationPartsExpansionRedux,sspx-habitation-5-1,SDV-2 'Atlas' Deep Space Habitation Module,Post-Kerbin Mining Corporation,"The Atlas has all the facilities to make life comfortable for up to fourteen kerbals. What it lacks in windows it makes up in sheer volume, including semi-private cabins. An observation deck includes mess and exercise facilities. Surrounding the central core are integrated liquids storage tanks for fuel and sundries. Can be configured with a bare shell or supply bags for additional radiation protection.",nanolathing,Utility,Huge,5,bulkheadProfiles,FALSE,
StationPartsExpansionRedux,sspx-habitation-5-2,SDV-2B 'Titan' Compact Deep Space Habitation Module,Post-Kerbin Mining Corporation,An Atlas upper module with the crew cabins removed and the interior refitted with different fixtures. Useful for shorter trips - seats six.,nanolathing,Utility,Huge,5,bulkheadProfiles,FALSE,
ReStockPlus,restock-engine-cherenkov,LV-N410 'Cherenkov' Atomic Rocket Motor,Rockomax Conglomerate,"By popular demand, Rockomax has brought a powerful large nuclear engine to market. Like its smaller cousin the Nerv, it runs on only Liquid Fuel. As a result of a large development budget, gimballing mechanisms have been installed on the turbopump exhaust ducts, allowing limited vectored thrust abilities.",nuclearPropulsion,Engine,Radial,,attachRules/bulkheadProfiles,FALSE,
Squad,nuclearEngine,"LV-N ""Nerv"" Atomic Rocket Motor",Jebediah Kerman's Junkyard and Spacecraft Parts Co,"Despite the big scary trefoil painted onto the side of this engine, its radioactive exhaust, and tendency to overheat, the LV-N Atomic Rocket Motor is harmless. Mostly. Note that the LV-N is the only LV series engine to run solely on Liquid Fuel - the future is glowing bright!",nuclearPropulsion,Engine,Small,1.25,bulkheadProfiles,FALSE,
ReStockPlus,restock-antenna-stack-2,Communotron DTS-J1,Ionic Symphonic Protonic Electronics,"A fixed mount version of the popular DTS-M1 antenna. this version is a more traditional dish, giving it better efficiency at the expense of higher mass.",precisionEngineering,Communication,Radial,,attachRules/bulkheadProfiles,FALSE,
SCANsat,scansat-recon-ikonos-1,VS-1 High Resolution Imager,SCAN: Scientific Committee on Advanced Navigation,This entry-level observation telescope produces beautiful high detail colour images - from a low orbit only. Uses a small amount of power and functions only in lit situations.,precisionEngineering,Science,Radial,,attachRules/bulkheadProfiles,FALSE,
Squad,probeCoreHex,Probodobodyne HECS,Probodobodyne Inc,"The HECS core capabilities go far beyond its sleek, 6-sided futuristic casing. This probe core provides advanced guidance assistance technology, and comes fitted with internal reaction wheels and decently-sized batteries. Despite concerns that one day, autonomous spacecraft cores could become self-aware and turn against their creators, or even become very stubborn against opening pod bay doors, Probodobodyne insists that these unmanned AI-driven devices are the way of the future.",precisionEngineering,none,Tiny,0.625,bulkheadProfiles,TRUE,category=none
Squad,probeCoreHex_v2,Probodobodyne HECS,Probodobodyne Inc,"The HECS core capabilities go far beyond its sleek, 6-sided futuristic casing. This probe core provides advanced guidance assistance technology, and comes fitted with internal reaction wheels and decently-sized batteries. Despite concerns that one day, autonomous spacecraft cores could become self-aware and turn against their creators, or even become very stubborn against opening pod bay doors, Probodobodyne insists that these unmanned AI-driven devices are the way of the future.",precisionEngineering,Pods,Tiny,0.625,bulkheadProfiles,FALSE,
Squad,Decoupler_0,TD-06 Decoupler,O.M.B. Demolition Enterprises,The TD-06 Stack Decoupler is a miniature detachment device for small rockets,precisionEngineering,Coupling,Tiny,0.625,bulkheadProfiles,FALSE,
Squad,structuralMiniNode,The Not-Rockomax Micronode,Dinkelstein Kerman's Construction Emporium,Dinkelstein Kerman's Construction Emporium vehemently denies any and all accusations of industrial espionage arising from similarities between this product and a product-which-will-not-be-named from Rockomax Brand.,precisionEngineering,Structural,Tiny,0.625,bulkheadProfiles,FALSE,
Squad,strutCube,Cubic Octagonal Strut,StrutCo,"Now, with advances in technology, StrutCo brings you the Cubic Octagonal Strut - it's like a regular Octagonal Strut, but in the shape of a cube!",precisionEngineering,Structural,Radial,,attachRules/bulkheadProfiles,FALSE,
Squad,strutOcto,Octagonal Strut,StrutCo,StrutCo presents: Octagonal struts! Use them to mount stop signs or octopi.,precisionEngineering,Structural,Radial,,attachRules/bulkheadProfiles,FALSE,
Squad,mediumDishAntenna,Communotron DTS-M1,Ionic Symphonic Protonic Electronics,The Communotron DTS-M1 is a fully deployable communications and data transmission system. It has been designed to have a minimal form factor when stowed. Occasional antenna tweaking and swift kicks to the main assembly may be required for optimal performance.,precisionEngineering,Communication,Radial,,attachRules/bulkheadProfiles,FALSE,
Squad,RelayAntenna5,RA-2 Relay Antenna,Ionic Symphonic Protonic Electronics,A relay antenna with automatic store and forward capabilities as well as advanced pathfinding algorithms.,precisionEngineering,Communication,Radial,,attachRules/bulkheadProfiles,FALSE,
Squad,stackDecouplerMini,TR-2V Stack Decoupler,O.M.B. Demolition Enterprises,The TR-2V Stack Decoupler is a miniature detachment utility for small rockets and space probes.,precisionEngineering,none,Tiny,0.625,bulkheadProfiles,TRUE,category=none
SquadExpansion,DeployedWeatherStn,PD-3 Weather Analyzer,FLOOYD Dynamics Research Labs,"This multi-function experiment gathers data on wind, pressure, temperature, and humidity to generate a picture of the planets climate model over time. \n\nNote: Please allow trained Scientists to deploy for best results. <color=orange>Needs a deployed power unit & central station to operate.</color>",precisionEngineering,Cargo,,,,FALSE,
ReStockPlus,restock-engine-panda-1,RK-1 'Trash Panda' Vernier Engine,Reaction Systems Ltd,This small engine has a very large single axis gimbal mechanism which allows excellent control at all flight regimes.,precisionPropulsion,Engine,Radial,,attachRules/bulkheadProfiles,FALSE,
ReStockPlus,restock-fuel-tank-0625-1,Oscar-E Liquid Fuel Tank,Probodobodyne Inc,Capping off the Oscars is this large fuel tank. Gold statue not included.,precisionPropulsion,FuelTank,Radial,,attachRules/bulkheadProfiles,FALSE,
ReStockPlus,restock-fuel-tank-0625-2,Oscar-D Liquid Fuel Tank,Probodobodyne Inc,A medium size Oscar series tank. Useful for landers or small satellite lifters.,precisionPropulsion,FuelTank,Radial,,attachRules/bulkheadProfiles,FALSE,
ReStockPlus,restock-fuel-tank-probe-1,PRBE-9 Liquid Fuel Tank,Probodobodyne Inc,A set of four capsule-shaped tanks holding fuel for your tiny probe needs.,precisionPropulsion,FuelTank,Radial,,attachRules/bulkheadProfiles,FALSE,
ReStockPlus,restock-fuel-tank-probe-2,PRBE-4 Liquid Fuel Tank,Probodobodyne Inc,A short collection of four spherical tanks that works well as a tiny probe propellant tank.,precisionPropulsion,FuelTank,Radial,,attachRules/bulkheadProfiles,FALSE,
Squad,smallRadialEngine,"24-77 ""Twitch"" Liquid Fuel Engine",Rockomax Conglomerate,"Tiny engine! But very useful, good for craft where larger radial engines won't fit, or when you want more control in combination with large lifter engines.",precisionPropulsion,none,Radial,,attachRules/bulkheadProfiles,TRUE,category=none
Squad,smallRadialEngine_v2,"24-77 ""Twitch"" Liquid Fuel Engine",Rockomax Conglomerate,"Tiny engine! But very useful, good for craft where larger radial engines won't fit, or when you want more control in combination with large lifter engines.",precisionPropulsion,Engine,Radial,,attachRules/bulkheadProfiles,FALSE,
Squad,radialEngineMini_v2,"LV-1R ""Spider"" Liquid Fuel Engine",Jebediah Kerman's Junkyard and Spacecraft Parts Co,"Adapted to appease engineers who were outraged at the lack of control rocket engines usually provide, the radial mounted LV-1R offers an appealing solution: ""Just add more"".  Point away from face.",precisionPropulsion,Engine,Radial,,attachRules/bulkheadProfiles,FALSE,
Squad,omsEngine,"O-10 ""Puff"" MonoPropellant Fuel Engine",Reaction Systems Ltd,"When The O-10 Engine was first unveiled, it was regarded as one of those ideas that someone should have thought of a long time ago. This made most employees at Reaction Systems Ltd feel quite awkward, as they were particularly proud of having delivered this project on schedule for once. This Engine responds to main throttle controls, but it consumes MonoPropellant instead of a Fuel+Oxidizer mix.",precisionPropulsion,Engine,Radial,,attachRules/bulkheadProfiles,FALSE,
Squad,sepMotor1,Sepratron I,Periapsis Rocket Supplies Co,"A small canister filled with what appears to be solid rocket fuel. Although not much of a step forward in terms of raw power, Kerbal Scientists have slowly warmed up to the Sepratron I's many uses, such as pushing things away. For best results, angle before use.",precisionPropulsion,Engine,Radial,,attachRules/bulkheadProfiles,FALSE,
Squad,Shrimp,"F3S0 ""Shrimp"" Solid Fuel Booster",Kerbodyne,"Kerbodyne was asked to deliver a small, high efficiency solid fuel booster and that's just what they did. While it may just look like someone welded a rocket nozzle onto a scuba tank, some serious technology went into making this motor.",precisionPropulsion,Engine,Radial,,attachRules/bulkheadProfiles,FALSE,
Squad,externalTankRound,R-4 'Dumpling' External Tank,Probodobodyne Inc,"Often, and mistakenly used for playing ball games.",precisionPropulsion,Propulsion,Radial,,attachRules/bulkheadProfiles,FALSE,
Squad,externalTankToroid,R-12 'Doughnut' External Tank,Probodobodyne Inc,An unconventionally shaped (but undoubtedly handy) fuel tank.,precisionPropulsion,FuelTank,Radial,,attachRules/bulkheadProfiles,FALSE,
Squad,radialEngineMini,"LV-1R ""Spider"" Liquid Fuel Engine",Jebediah Kerman's Junkyard and Spacecraft Parts Co,"Adapted to appease engineers who were outraged at the lack of control rocket engines usually provide, the radial mounted LV-1R offers an appealing solution: ""Just add more"".  Point away from face.",precisionPropulsion,none,Radial,,attachRules/bulkheadProfiles,TRUE,category=none
Squad,omsEngine,"O-10 ""Puff"" MonoPropellant Fuel Engine",Reaction Systems Ltd,"When The O-10 Engine was first unveiled, it was regarded as one of those ideas that someone should have thought of a long time ago. This made most employees at Reaction Systems Ltd feel quite awkward, as they were particularly proud of having delivered this project on schedule for once. This Engine responds to main throttle controls, but it consumes MonoPropellant instead of a Fuel+Oxidizer mix.",precisionPropulsion,Engine,Radial,,attachRules/bulkheadProfiles,FALSE,
Squad,externalTankRound,R-4 'Dumpling' External Tank,Probodobodyne Inc,"Often, and mistakenly used for playing ball games.",precisionPropulsion,Propulsion,Radial,,attachRules/bulkheadProfiles,FALSE,
Squad,externalTankToroid,R-12 'Doughnut' External Tank,Probodobodyne Inc,An unconventionally shaped (but undoubtedly handy) fuel tank.,precisionPropulsion,FuelTank,Radial,,attachRules/bulkheadProfiles,FALSE,
Squad,toroidalFuelTank,ROUND-8 Toroidal Fuel Tank,Probodobodyne Inc,An unconventionally shaped (but undoubtedly handy) fuel tank.,precisionPropulsion,none,Small,1.25,bulkheadProfiles,TRUE,category=none
SquadExpansion,LiquidEngineRV-1,"RV-1 ""Cub"" Vernier Engine",Reaction Systems Ltd,"Mew! These little vernier engines have a huge deflection, but can only gimbal in one dimension.",precisionPropulsion,Engine,Radial,,attachRules/bulkheadProfiles,FALSE,
ReStockPlus,restock-engine-torch,Mk-1H 'Torch' Liquid Fuel Engine,Rockomax Conglomerate,"When your booster is small and needs a real kick, the Torch's ability to produce high temperature gases as a prodigious rate will do you well.",propulsionSystems,Engine,Radial,,attachRules/bulkheadProfiles,FALSE,
ReStockPlus,restock-fueltank-sphere-0625-1,Oscar-O Hemispherical Liquid Fuel Tank,Probodobodyne Inc,A tiny half-sphere of gas to get you halfway to where you need to go.,propulsionSystems,FuelTank,Radial,,attachRules/bulkheadProfiles,FALSE,
ReStockPlus,restock-fuel-tank-0625-3,Oscar-C Liquid Fuel Tank,Probodobodyne Inc,A doubled Oscar B with alphabetically incremented suffix.,propulsionSystems,FuelTank,Radial,,attachRules/bulkheadProfiles,FALSE,
ReStockPlus,restock-fuel-tank-0625-5,Oscar-A Liquid Fuel Tank,Probodobodyne Inc,"A prequel to the Oscar B, this tank holds a fairly small amount of fuel.",propulsionSystems,FuelTank,Radial,,attachRules/bulkheadProfiles,FALSE,
ReStockPlus,restock-fuel-tank-rcs-radial-tiny-1,Stratus-V Miniature Monopropellant Tank,Stratus Corporation,"A teensy, tiny RCS fuel tank for microscale satellites and decorating larger ships.",propulsionSystems,FuelTank,Radial,,attachRules/bulkheadProfiles,FALSE,
Squad,liquidEngineMini_v2,"48-7S ""Spark"" Liquid Fuel Engine",Rockomax Conglomerate,"The 48-7S may be small, but it packs quite a punch for its size. This little engine is a testament to how larger does not always mean more advanced, at least according to Rockomax's marketing department. The box it comes in is pretty cool, in any case.",propulsionSystems,Engine,Tiny,0.625,bulkheadProfiles,FALSE,
Squad,microEngine_v2,"LV-1 ""Ant"" Liquid Fuel Engine",Jebediah Kerman's Junkyard and Spacecraft Parts Co,"What is this, an engine for ants?",propulsionSystems,Engine,Radial,,attachRules/bulkheadProfiles,FALSE,
Squad,Mite,"FM1 ""Mite"" Solid Fuel Booster",Kerbodyne,"Solid fuel boosters come in a range of sizes and this one is distinctly on the low end of the scale. The Mite is still useful for many space programs that want a tiny kick motor to plant their probes firmly on the right trajectory, or just a bit more oomph to get their craft off the ground.",propulsionSystems,Engine,Radial,,attachRules/bulkheadProfiles,FALSE,
Squad,externalTankCapsule,R-11 'Baguette' External Tank,C7 Aerospace Division,As convenient as it is fashionable. This part actually won a modern-art design prize.,propulsionSystems,Propulsion,Radial,,attachRules/bulkheadProfiles,FALSE,
Squad,miniFuelTank,Oscar-B Fuel Tank,Probodobodyne Inc,"The Oscar-B Fuel Tank from Probodobodyne is a compact fuel container for small space probes, or a backup tank for other small spacecraft. Do not wash in cold water, or feed after midnight.",propulsionSystems,FuelTank,Radial,,attachRules/bulkheadProfiles,FALSE,
Squad,liquidEngineMini,"48-7S ""Spark"" Liquid Fuel Engine",Rockomax Conglomerate,"The 48-7S may be small, but it packs quite a punch for its size. This little engine is a testament to how larger does not always mean more advanced, at least according to Rockomax's marketing department. The box it comes in is pretty cool, in any case.",propulsionSystems,none,Tiny,0.625,bulkheadProfiles,TRUE,category=none
Squad,microEngine,"LV-1 ""Ant"" Liquid Fuel Engine",Jebediah Kerman's Junkyard and Spacecraft Parts Co,"What is this, an engine for ants?",propulsionSystems,none,Radial,,attachRules/bulkheadProfiles,TRUE,category=none
Squad,externalTankCapsule,R-11 'Baguette' External Tank,C7 Aerospace Division,As convenient as it is fashionable. This part actually won a modern-art design prize.,propulsionSystems,Propulsion,Radial,,attachRules/bulkheadProfiles,FALSE,
SquadExpansion,monopropMiniSphere,Stratus-V Minified Monopropellant Tank,Stratus Corporation,I’d say “Small is beautiful”,propulsionSystems,Propulsion,Radial,,attachRules/bulkheadProfiles,FALSE,
SCANsat,scansat-resources-mise-1,SCAN-R2 Advanced Resource Mapper,SCAN: Scientific Committee on Advanced Navigation,A medium-tech resource imager that can evaluate useful resources from higher orbits. Uses a moderate amount of power and functions only in lit situations.,scienceTech,Science,Radial,,attachRules/bulkheadProfiles,FALSE,
Squad,InfraredTelescope,SENTINEL Infrared Telescope,Experimental Engineering Group,"The Sentinel Space Telescope uses infrared light to detect celestial bodies, such as asteroids, that may pose a risk to Kerbin.",scienceTech,Science,Small,1.25,bulkheadProfiles,FALSE,
Squad,SurfaceScanner,Surface Scanning Module,Experimental Engineering Group,"A small module that includes soil, atmospheric, and oceanic sampling tools.  When used while landed on a planet or moon, the sample data gathered can be used to increase the accuracy of orbital survey scanners.",scienceTech,Science,Radial,,attachRules/bulkheadProfiles,FALSE,
Squad,SurveyScanner,M700 Survey Scanner,Experimental Engineering Group,"This orbital survey scanner uses a combination of advanced sensor technology and witchcraft to provide information on a planet or moons natural resources.  These images can be viewed either in flight, or in relative safety and comfort back at the KSC.  Be sure to bring an antenna capable of transmitting the information back, and sufficient power.",scienceTech,Science,Radial,,attachRules/bulkheadProfiles,FALSE,
Squad,sensorAtmosphere,Atmospheric Fluid Spectro-Variometer,Probodobodyne Inc,"A device for performing accurate fluid spectro-variometry scans of the surrounding atmosphere. Despite some criticism claiming that fluid spectro-variometry isn't a real science, Kerbal scientists seem to all agree that the data it provides is definitely interesting. Warranty void if exposed to air.",scienceTech,Science,Radial,,attachRules/bulkheadProfiles,FALSE,
SquadExpansion,RobotArmScanner_S2,SPRT Medium Scanning Arm,Experimental Engineering Group,"The Experimental Engineering Group has triumphed in creating a larger version of their previous scanning arm, duplicating their heroic feat for a twice-in-a-lifetime scientific accomplishment.\n\nThe medium scanning arm incoporates a 3rd instrument for further data gathering, increasing the amount of data the arm can gather.",scienceTech,Science,Radial,,attachRules/bulkheadProfiles,FALSE,
StationPartsExpansionRedux,sspx-greenhouse-25-1,PPD-F412M Hydroponics Module,Kerbalmax Industries,"Long expeditions might supplement their life support supplies with orbitally-grown produce. After extensive experiments, it was found that the best, most compact, most nutritious plant that could be grown was of course Kale. Unfortunately for the Kerbalnauts, the vegetable's taste was found to be sub-par.",scienceTech,Science,Large,2.5,bulkheadProfiles,FALSE,
ReStockPlus,restock-wheel-1-T,Rovemax Model S2-T,Kerbal Motion LLC,"A modified rover wheel that is rotated 90Â°, ideal for tricycles or other unusually shaped vehicles.",spaceExploration,Ground,Radial,,attachRules/bulkheadProfiles,FALSE,
ReStockPlus,restock-ladder-static-2,Pegasus II Mobility Enhancer,,"A logical extension of the Pegasus I, the Pegasus II however does not extend but is twice as long, allowing for longer, more dramatic climbing sequences.",spaceExploration,Utility,Radial,,attachRules/bulkheadProfiles,FALSE,
ReStockPlus,restock-ladder-static-3,Pegasus III Mobility Enhancer,,A much needed enhancement to a mobility enhancement. It is very long.,spaceExploration,Utility,Radial,,attachRules/bulkheadProfiles,FALSE,
SCANsat,scansat-multi-abi-1,MS-R Enhanced Multispectral Scanner,SCAN: Scientific Committee on Advanced Navigation,"The enhanced multispectral scanner is a real jack of all trades, observing light reflected off a planet's surface and delivering low-detail colour images and biome maps. It can even detect surface resources. Improved optics and electronics allow effective operation at higher orbits compared to entry-level products, but only in a narrow swathe. Uses a small amount of power, and only operates in daylight.",spaceExploration,Science,Radial,,attachRules/bulkheadProfiles,FALSE,
Squad,smallCargoContainer,SEQ-3 Cargo Storage Unit,Experimental Engineering Group,This sturdy unit keeps the expensive and delicate equipment our astronauts need to bring with them safely stored. Rigorous engineering studies have shown it to be 20% more effective than 'a picnic cooler and some duct tape' at making sure these items arrive intact at their destination.,spaceExploration,Cargo,Radial,,attachRules/bulkheadProfiles,FALSE,
Squad,evaRepairKit,EVA Repair Kit,Kerbal Motion LLC,"This repair kit has tape, tools, widgets and other knickknacks to allow intrepid kerbals to effect repairs on broken parts that may have suffered unplanned disassembly.\n\nNote: Repair kits are used up when effecting repairs, and more than one repair kit may be required for especially large parts.",spaceExploration,Cargo,,,,FALSE,
Squad,ConformalStorageUnit,SEQ-3C Conformal Storage Unit,Experimental Engineering Group,"A small storage container, built with conformal aerodynamics in mind to allow its use on both aircraft and spacecraft. Perfect for small cargo needs, or a secret snack supply.",spaceExploration,Cargo,Radial,,attachRules/bulkheadProfiles,FALSE,
Squad,crewCabin,PPD-10 Hitchhiker Storage Container,Jebediah Kerman's Junkyard and Spacecraft Parts Co,"The HSC was an invention of necessity - how do we store 4 Kerbals on-orbit without any real provisions for return? Who needed this remains a mystery, as do his motivations.",spaceExploration,Utility,Large,2.5,bulkheadProfiles,FALSE,
Squad,ladder1,Pegasus I Mobility Enhancer,Rokea Inc,"The Pegasus I Mobility Enhancer, known in some circles as a ""ladder"", is a state-of-the-art vertical mobility device, allowing your intrepid crew to scamper around the exterior of your ship like highly caffeinated rodents.",spaceExploration,Utility,Radial,,attachRules/bulkheadProfiles,FALSE,
Squad,groundLight1,Work Lamp (Small),Jebediah Kerman's Junkyard and Spacecraft Parts Co,Deploying sensitive science equipment or effecting repairs during a long Munar night can lead to damage of sensitive and expensive equipment.\n\nUse this heavy duty part to shed some light on the problem!,spaceExploration,Cargo,,,,FALSE,
Squad,groundLight2,Work Lamp (Stand),Jebediah Kerman's Junkyard and Spacecraft Parts Co,"When you're setting up your off-world base, make sure you've scouted it properly with this deployable light stand.",spaceExploration,Cargo,,,,FALSE,
Squad,roverWheel2,RoveMax Model S2,Kerbal Motion LLC,"Seeing an untapped market for a smaller design of rover wheel, Kerbal Motion quickly pounced upon this opportunity with the Model 2 - designed for robotic vehicles or smaller crewed vehicles.",spaceExploration,Ground,Radial,,attachRules/bulkheadProfiles,FALSE,
SquadExpansion,DeployedCentralStation,Probodobodyne Experiment Control Station,Probodobodyne Inc,"The Probodobodyne Experiment Control Station coordinates and controls both power and data from nearby deployed parts, and coordinates sending it back to Kerbin.\n\nBe sure to use one, if you want to generate any useful data.\n\nCan be left to gather data over long periods of time, as the loneliness circuits were disabled during testing. <color=orange>Needs a deployed power unit to operate.</color>",spaceExploration,Cargo,,,,FALSE,
StationPartsExpansionRedux,sspx-airlock-125-1,SCATTER-1 Service Airlock,Kerbalmax Industries,"After several incidents where unsuspecting Kerbalnauts unwittingly vented entire Hitchhiker pods to vacuum, engineers at Kerbalmax devised the Self-Contained Air Transport Tube for Excursion Rehearsal, which solves the problem by putting a second door between crew and space. It has seen limited uptake.",spaceExploration,Utility,Radial,,attachRules/bulkheadProfiles,FALSE,
StationPartsExpansionRedux,sspx-habitation-125-1,PAS-5 'Sunrise' Habitation Module,Kerbalmax Industries,"This tiny habitation module has enough living space for a pair of Kerbals. It's not much, but it helps!",spaceExploration,Utility,Small,1.25,bulkheadProfiles,FALSE,
StationPartsExpansionRedux,sspx-utility-125-1,PAS-6 'Star' Utility Module,Kerbalmax Industries,This crewed utility module has enough space for the station engineer to poke his head in every once in a while and hope things aren't going *too* wrong. Stores a goodly amount of electricity and RCS fuel to help stations get through those lean times.,spaceExploration,Utility,Small,1.25,bulkheadProfiles,FALSE,
StationPartsExpansionRedux,sspx-habitation-1875-1,PMA-5 'Dawn' Habitation Module,Kerbalmax Industries,"This large habitation module is a great addition to any station that needs to store kerbals for various uses. Contains airlock, eating and habitation facilities. Oh, and some weird mould.",spaceExploration,Utility,Medium,1.875,bulkheadProfiles,FALSE,
StationPartsExpansionRedux,sspx-habitation-1875-2,PMA-5B 'Evening' Habitation Module,Kerbalmax Industries,The squat nature of this module means that it cannot incorporate an airlock but it is still a comfy home for many kerbals.,spaceExploration,Utility,Medium,1.875,bulkheadProfiles,FALSE,
StationPartsExpansionRedux,sspx-science-1875-1,PMA-4 'Nature' Science Lab,Kerbalmax Industries,"Studying things on orbit can lead to exciting discoveries, like what that mould exactly is and where it came from.",spaceExploration,Science,Medium,1.875,bulkheadProfiles,FALSE,
StationPartsExpansionRedux,sspx-utility-1875-1,PMA-3 'Spectra' Utility Module,Kerbalmax Industries,The Spectra is a useful service module for medium stations. It boasts some fuel and electrical storage as well as space for a couple crewmembers to stoke the boilers.,spaceExploration,Utility,Medium,1.875,bulkheadProfiles,FALSE,
ReStockPlus,restock-engineplate-25-1,EP-25 Engine Plate,Rokea Inc,"A large plate for holding one or more engines, with included decoupler for anything attached below it.",specializedConstruction,Coupling,Large,2.5,bulkheadProfiles,FALSE,
ReStockPlus,restock-node-1875-1,BZ-78 Radial Attachment Point,Maxo Construction Toys,"Development of a 1.875m docking port never received adequate funding, so management decided to cut their losses and release it unfinished as an attachment point.",specializedConstruction,Structural,Radial,,attachRules/bulkheadProfiles,FALSE,
ReStockPlus,restock-structural-tube-25-1,TB-25 Structural Tube,Rokea Inc,A large tube for those that wish to store things. Available in many lengths and even finishes!,specializedConstruction,Structural,Large,2.5,bulkheadProfiles,FALSE,
ReStockPlus,restock-node-625-1,BZ-26 Radial Attachment Point Jr.,Maxo Construction Toys,"After the surprise success of the BZ-52, the Maxo Construction Toys engineering team came out of hiding to reveal the new pocket model.",specializedConstruction,Structural,Radial,,attachRules/bulkheadProfiles,FALSE,
ReStockPlus,restock-truss-adapter-0625-1,Modular Girder Small Adapter,,"Generally, marketing anticipates that by providing a means for small stacks to attach cleanly to standard Modular Girders, demand for the latter will skyrocket.",specializedConstruction,Structural,Tiny,0.625,bulkheadProfiles,FALSE,
Squad,pointyNoseConeB,Advanced Nose Cone - Type B,Goliath National Products,Useful for boosters - the slanted shape is good for leading pressure away from the core stages.,specializedConstruction,Aero,Radial,,attachRules/bulkheadProfiles,FALSE,
Squad,fairingSize2,AE-FF2 Airstream Protective Shell (2.5m),FLOOYD Dynamics Research Labs,"While the Kerbals at Mission Control were still figuring out how to get their rockets back down to Kerbin safely, the research engineers at FLOOYD were quickly realising that protecting parts on ascent was just as important. Heavy research into two-dimensional-input driven procedural construction was then funded with the hopes of making protective shells for important payloads and interstage areas of the crafts. The protective shells also have the benefit of making the craft more aerodynamic, hopefully saving on precious rocket fuel!",specializedConstruction,Payload,Large,2.5,bulkheadProfiles,FALSE,
Squad,groundAnchor,Stamp-O-Tron Ground Anchor,C7 Aerospace Division,"Occasionally, even the most seasoned of rocket jockey wants to be safely back on the ground, and what better way to securely show your affection for gravity than by clamping yourself to it?\n\nThe Stamp-O-Tron ground anchor provides a secure point to which you can attach other parts with EVA construction, including docking ports if you'd like to park a larger vessel safely.\n\nExpect stocks in C7 Aerospace Division to jump if negative gravity is ever a real thing.",specializedConstruction,Cargo,Radial,,attachRules/bulkheadProfiles,FALSE,
Squad,Separator_2,TS-25 Stack Separator,O.M.B. Demolition Enterprises,"The TS-25 is designed for slicing the largest of rockets in twain. Unlike Decouplers, Separators will eject anything connected to themselves. This is good, as it removes the need to worry about which side needs to be pointed away from face. Try to not look at it too much though.",specializedConstruction,Coupling,Large,2.5,bulkheadProfiles,FALSE,
Squad,trussAdapter,Modular Girder Adapter,Maxo Construction Toys,This piece allows you to attach Modular Girder parts to standard 1.25m attachment points.,specializedConstruction,Structural,Small,1.25,bulkheadProfiles,FALSE,
Squad,dockingPort2,Clamp-O-Tron Docking Port,,"Invented after a peaceful protest against the lack of spacecraft attachment systems turned violent, the Clamp-O-Tron Docking Port allows for the firm attachment of two separate vessels. After docking, vessels can be just as easily undocked.",specializedConstruction,Coupling,Radial,,attachRules/bulkheadProfiles,FALSE,
Squad,flagPartSize2,RFP-2 Flag (2.5m),Rokea Inc,"A large flag that can be applied to size 2 tanks and other parts with the same curvature to show pride in your mission. Or use a different mission flag, if you really want to go that way.",specializedConstruction,Utility,Radial,,attachRules/bulkheadProfiles,FALSE,
Squad,stackPoint1,BZ-52 Radial Attachment Point,Found behind the Clamp-O-Tron factory,"Originally a defective Clamp-O-Tron docking port, engineers soon discovered it had great potential as a structural element.",specializedConstruction,Structural,Radial,,attachRules/bulkheadProfiles,FALSE,
Squad,stackBiCoupler_v2,TVR-200 Stack Bi-Coupler,O.M.B. Demolition Enterprises,The TVR-200 Stack Bi-Coupler is a simple method for splitting one rocket into two - WITHOUT the disastrous consequences of doing it the normal (explosive) way.,specializedConstruction,Structural,Small,1.25,bulkheadProfiles,FALSE,
Squad,pointyNoseConeB,Advanced Nose Cone - Type B,Goliath National Products,Useful for boosters - the slanted shape is good for leading pressure away from the core stages.,specializedConstruction,Aero,Radial,,attachRules/bulkheadProfiles,FALSE,
Squad,stackSeparator,TR-18D Stack Separator,O.M.B. Demolition Enterprises,"Unlike Decouplers, Separators jettison everything attached to them. This new technology was very well received by rocket engineers everywhere. Not bad for something that started out as a failure for a controlled explosive bolt prototype.",specializedConstruction,none,Small,1.25,bulkheadProfiles,TRUE,category=none
Squad,dockingPort2,Clamp-O-Tron Docking Port,,"Invented after a peaceful protest against the lack of spacecraft attachment systems turned violent, the Clamp-O-Tron Docking Port allows for the firm attachment of two separate vessels. After docking, vessels can be just as easily undocked.",specializedConstruction,Coupling,Radial,,attachRules/bulkheadProfiles,FALSE,
Squad,stackBiCoupler,TVR-200 Stack Bi-Coupler,O.M.B. Demolition Enterprises,The TVR-200 Stack Bi-Coupler is a simple method for splitting one rocket into two - WITHOUT the disastrous consequences of doing it the normal (explosive) way.,specializedConstruction,none,Small,1.25,bulkheadProfiles,TRUE,category=none
SquadExpansion,EnginePlate2,EP-25 Engine Plate,Rokea Inc,Inspired by an upside down birthday cake. Now with added shrouds for windy days. This engine plate provides the best value for funds.,specializedConstruction,Coupling,Large,2.5,bulkheadProfiles,FALSE,
SquadExpansion,Tube2,T-25 Structural Tube,Rokea Inc,What is a fuel tank without the internal tank? Just a shell.,specializedConstruction,Structural,Large,2.5,bulkheadProfiles,FALSE,
SquadExpansion,lGripPad,GP-156 Grip Pad,Dinkelstein Kerman's Construction Emporium,A large size non-slip pad so that you don't slip off the back of your mech-bot as you stomp across KSC in search of science! Comes in two form factors and three grip levels.,specializedConstruction,Structural,Radial,,attachRules/bulkheadProfiles,FALSE,
SquadExpansion,lGripStrip,GPS-156 Grip Strip,Dinkelstein Kerman's Construction Emporium,"A large non-slip strip, giving unparalleled traction for all your non-slip needs.",specializedConstruction,Structural,Radial,,attachRules/bulkheadProfiles,FALSE,
StationPartsExpansionRedux,sspx-cargo-125-1,PAS-C Storage Module,Kerbalmax Industries,"On-orbit storage outside a station has some uses, like keeping ice cream nice and cool. This module obliges, with sliding doors and a generous stowage area.",specializedConstruction,Payload,Small,1.25,bulkheadProfiles,FALSE,
StationPartsExpansionRedux,sspx-docking-125-1,Telescopic Clamp-O-Tron Docking Module,Kerbalmax Industries,This docking connector has an integrated geared housing that allows it to extend outwards. Fully compatible with Clamp-O-Tron standard docking ports.,specializedConstruction,Coupling,Small,1.25,bulkheadProfiles,FALSE,
StationPartsExpansionRedux,sspx-adapter-125-25-1,PPD-PAS Flat Adapter,Kerbalmax Industries,"A useful decorative module, this adapter is perfect for hiding that ugly gold insulation foil. Who needs that foil, eh?",specializedConstruction,Structural,Large,2.5,bulkheadProfiles,FALSE,
StationPartsExpansionRedux,sspx-adapter-125-25-2,PPD-PAS Adapter,Kerbalmax Industries,The increased profit gained by allowing PAS-series parts to connect to PPD-series series parts has not gone unnoticed by Kerbomax shareholders. Nobody is very sure what the windows are for.,specializedConstruction,Structural,Large,2.5,bulkheadProfiles,FALSE,
StationPartsExpansionRedux,sspx-attach-25-1,PPD-AR Pressurized Radial Attachment Module,Kerbalmax Industries,"For when you need to connect a really large tube to another really large tube. Oh, and air is a requirement.",specializedConstruction,Structural,Radial,,attachRules/bulkheadProfiles,FALSE,
StationPartsExpansionRedux,sspx-tube-25-1,PPD-A1 Pressurized Crew Tube,Kerbalmax Industries,"The PPD-A series of crew tubes lack any kind of fixtures, but they're pretty large. The A1 model has exactly two windows and is much larger. In a pinch, we could use the framework on the side for EVA rails!",specializedConstruction,Structural,Radial,,attachRules/bulkheadProfiles,FALSE,
StationPartsExpansionRedux,sspx-tube-25-2,PPD-A2 Pressurized Crew Tube,Kerbalmax Industries,"The PPD-A series of crew tubes lack any kind of fixtures, but they're beautifully large. The A2 model has exactly one window. In a pinch, we could use the framework on the side for EVA rails!",specializedConstruction,Structural,Radial,,attachRules/bulkheadProfiles,FALSE,
StationPartsExpansionRedux,sspx-tube-25-3,PPD-A3 Pressurized Crew Tube,Kerbalmax Industries,"The PPD-A series of crew tubes lack any kind of fixtures, but they're beautifully large. Not this one though - it's wide but not long. In a pinch, we could still use the framework on the side for EVA rails!",specializedConstruction,Structural,Radial,,attachRules/bulkheadProfiles,FALSE,
ReStockPlus,restock-reactionwheel-1875-1,Medium Reaction Wheel Assembly,STEADLER Engineering Corps,We purchased several of these gyroscope modules to ensure we could accurately control our medium sized rockets in all phases of flight.,specializedControl,Control,Medium,1.875,bulkheadProfiles,FALSE,
Squad,avionicsNoseCone,CH-J3 Fly-By-Wire Avionics Hub,C7 Aerospace Division,"Have you ever wanted to impress your peers by showing off your elite flying skills, but lacked the skills to become a trained pilot? C7 Aerospace's Fly-By-Wire Avionics Hub is the solution! This module allows even the most minimally trained crew to fly like an Ace! WARNING: This module cannot operate autonomously. Warranty void if attempting to do so. WARNING: Module contains no internal gyroscopes or control systems (control actuators sold separately). WARNING: Warranty void without proper use of C7 Aerospace Brand Sickness Bags (sold separately, currently out of stock).",specializedControl,Control,Tiny,0.625,bulkheadProfiles,FALSE,
Squad,asasmodule1-2,"Advanced Reaction Wheel Module, Large",STEADLER Engineering Corps,"After many years of research, STEADLER Corps rocket engineers discovered that large flywheels were necessary to keep large ships under control. The ""Advanced Reaction Wheel Module, Large"" addresses that issue by its use of patented Large Flywheels™ to provide ""More Torque"" (patent pending). STEADLER promptly dismissed all criticism concerning the necessity of so much research work, stating that 'it only sounds so simple now that we've figured it out'. Critics remain skeptical, but none can disagree that this module does indeed pack a lot more punch than previous models. It also needs a lot more power, but STEADLER is currently carrying out intense research work on why that is.",specializedControl,Control,Large,2.5,bulkheadProfiles,FALSE,
Squad,rcsTankRadialLong,Stratus-V Cylindrified Monopropellant Tank,Stratus Corporation,"After years of research and development, the Stratus corporation has developed a revolutionary upgrade to their Stratus-V fuel tank line. Cylinders. This tank holds a moderate supply of monopropellant for RCS thrusters.",specializedControl,FuelTank,Radial,,attachRules/bulkheadProfiles,FALSE,
Squad,vernierEngine,Vernor Engine,Reaction Systems Ltd,"The VR-N1ER Veer-Governor, or ""Vernor"" Engine is an attitude control thruster. These motors are linked to RCS controls, but are powered by a Fuel+Oxidizer mix, making them significantly more powerful than MonoPropellant-powered RCS thrusters. They are fairly more bulky in comparison though, and feature only one nozzle facing outwards, although most agree that is an acceptable trade-off for the additional punch they pack.",specializedControl,Control,Radial,,attachRules/bulkheadProfiles,FALSE,
Squad,vernierEngine,Vernor Engine,Reaction Systems Ltd,"The VR-N1ER Veer-Governor, or ""Vernor"" Engine is an attitude control thruster. These motors are linked to RCS controls, but are powered by a Fuel+Oxidizer mix, making them significantly more powerful than MonoPropellant-powered RCS thrusters. They are fairly more bulky in comparison though, and feature only one nozzle facing outwards, although most agree that is an acceptable trade-off for the additional punch they pack.",specializedControl,Control,Radial,,attachRules/bulkheadProfiles,FALSE,
StationPartsExpansionRedux,sspx-core-25-1,PPD-8 'Wharf' Station Core,Jebediah Kerman's Junkyard and Spacecraft Parts Co,"The Wharf serves a singular purpose: allowing Kerbals to control their station. Well insulated and spaciously equipped, up to four Kerbals can work here with a full probe control facility and minor creature comforts.",specializedControl,Pods,Large,2.5,bulkheadProfiles,FALSE,
ReStockPlus,restock-apu-radial-1,NH-24 Monopropellant APU,Zaltonic Electronics,"After playing with a children's pinwheel toy and asking themselves ""how could this become more awesome"", one engineer tried pointing a small rocket engine at it. The engineering team immediately got to work using it to generate electricity, and the Monopropellant APU was born",specializedElectrics,Electrical,Radial,,attachRules/bulkheadProfiles,FALSE,
Squad,batteryBankLarge,Z-4K Rechargeable Battery Bank,Zaltonic Electronics,"New advances in surge control technology made The Z-4K, the largest battery pack ever put into production a reality. While Zaltonic admits intense electrical discharges can be really cool, shorting the Z-4K's contacts should probably be avoided.",specializedElectrics,Electrical,Large,2.5,bulkheadProfiles,FALSE,
Squad,FuelCellArray,Fuel Cell Array,Zaltonic Electronics,"Why have just one fuel cell when you can have six?  The fuel cell array is ideal for situations where you need a large source of reliable power.  Like the smaller fuel cells, this array operates by converting fuel and oxidizer into energy.",specializedElectrics,Electrical,Radial,,attachRules/bulkheadProfiles,FALSE,
ReStockPlus,restock-decoupler-radial-tiny-1,TT-14 Radial Decoupler,O.M.B. Demolition Enterprises,It's an extra small decoupler for very small separation events.,stability,Coupling,Radial,,attachRules/bulkheadProfiles,FALSE,
Squad,noseCone,Aerodynamic Nose Cone,Goliath National Products,"Aerodynamic, lightweight and mostly non-explosive. As a reminder to all personnel operating nearby, this part is really sharp and it'd probably hurt if you fell on it.",stability,Aero,Small,1.25,bulkheadProfiles,FALSE,
Squad,winglet,AV-T1 Winglet,,Nothing is really known about this thing. Use it at your own risk.,stability,Aero,Radial,,attachRules/bulkheadProfiles,FALSE,
Squad,radialDecoupler,TT-38K Radial Decoupler,O.M.B. Demolition Enterprises,"The TT-38K Radial Decoupler, like most other decouplers, is equipped with a (hopefully) small explosive charge, that will sever the structural linkage between itself and whatever it's connected to.",stability,Coupling,Radial,,attachRules/bulkheadProfiles,FALSE,
Squad,noseCone,Aerodynamic Nose Cone,Goliath National Products,"Aerodynamic, lightweight and mostly non-explosive. As a reminder to all personnel operating nearby, this part is really sharp and it'd probably hurt if you fell on it.",stability,Aero,Small,1.25,bulkheadProfiles,FALSE,
KerbalEngineer,Engineer7500,#KE_ER7500_title,#KE_ER7500_manufacturer,#KE_ER7500_description,start,Science,Radial,,attachRules/bulkheadProfiles,FALSE,
KerbalEngineer,EngineerChip,#KE_ES_title,#KE_ES_manufacturer,#KE_ES_description,start,Science,Radial,,attachRules/bulkheadProfiles,FALSE,
ReStockPlus,restock-nosecone-0625-1,Miniature Rocket Nose,Kerbodyne,"A slightly more rocket-appropriate tiny nosecone, available in white and shiny metal finishes.",start,Aero,Radial,,attachRules/bulkheadProfiles,FALSE,
ReStockPlus,restock-pod-sphere-1,SP-1 'Clementine' Reentry Module,Probodobodyne Inc,"When faced with the challenge of keeping the heat shield facing forward during reentry, one engineer suggested making the whole thing a heat shield, and this spherical command module was born.",start,Pods,Small,1.25,bulkheadProfiles,FALSE,
ReStockPlus,restock-srb-mallet-1,RT-1 'Mallet' Solid Rocket Booster,,"Discontinued due to component shortages. The small Mallet answers the demand for miniature, compact SRBs suitable for additional booster assist or stack mounting for small launchers. The KSC's staff janitor, one O. Trag Kerman, has even proposed strapping dozens of them together to make super cheap vehicles!",start,none,Radial,,attachRules/bulkheadProfiles,TRUE,category=none
ReStockPlus,restock-srb-striker-1,RT-2 'Striker' Solid Rocket Booster,,Discontinued due to component shortages. Extending the Mallet with additional segments can provide more boom than your integration team knows what to do with!,start,none,Radial,,attachRules/bulkheadProfiles,TRUE,category=none
ReStockPlus,restock-goocanister-625-1,Mystery Gooâ„¢ Inline Containment Unit,FLOOYD Dynamics Research Labs,"After an unfortunate accident where a technician attempted to stack delicate machinery on the classic Mystery Gooâ„¢ canister, FLOOYD Dynamics Labs saw a market opportunity for a version with a flat top and bottom.",start,Science,Tiny,0.625,bulkheadProfiles,FALSE,
Squad,basicFin,Basic Fin,Jebediah Kerman's Junkyard and Spacecraft Parts Co,This simple bolt-on aluminum fin may not be the cutting edge of aerospace engineering but it's dirt cheap and will make your rocket slightly less unstable.,start,Aero,Radial,,attachRules/bulkheadProfiles,FALSE,
Squad,evaJetpack,EVA Jetpack,Reaction Systems Ltd,"The EVA jetpack has been a workhorse of kerbal astronauts for decades. It has been so useful that some kerbals have taken to wearing them inside the complex, back home, and even in their showers.\n\nIt gives unparalleled mobility in space and low gravity environments but can be tricky to master. Incidences of injury while using one have dropped to nearly 10% after sufficient training.",start,Cargo,,,,FALSE,
Squad,evaChute,Personal Parachute,Found lying by the side of the road,"This kerbal-sized ram-air parachute is perfect for saving intrepid pilots from a misconsidered aircraft design, or hi-jinks involving the top of the VAB and a hopeffuly functional autopilot.\n\nWhy should kerbals put their trust in something that was found lying by the side of the road? Well, because there wasn't a Kerbal-shaped crater next to it!",start,Cargo,,,,FALSE,
Squad,mk1pod_v2,Mk1 Command Pod,Kerlington Model Rockets and Paper Products Inc,"Originally built as a placeholder for a demonstration mock-up of a rocket, the Mk1 Command Pod was heralded as a far safer and more reliable option than its predecessors by rocket scientists throughout the world. It is now commonly seen in active service.",start,Pods,Small,1.25,bulkheadProfiles,FALSE,
Squad,solidBooster_sm_v2,"RT-5 ""Flea"" Solid Fuel Booster",,"While considered by some to be little more than ""a trash bin full o' boom"", The RT-5 can be seen in use at many space programs, perhaps possibly because it is the only option for many space programs, but nevertheless, this small booster provides a nice kick to lift small payloads to considerable heights. Use with caution, though. Once lit, solid fuel motors cannot be put out until the fuel runs out.",start,Engine,Radial,,attachRules/bulkheadProfiles,FALSE,
Squad,GooExperiment,Mystery Goo™ Containment Unit\u0020,FLOOYD Dynamics Research Labs,"This unit was something one of our engineers came upon while dumpster divin-- Erm, while researching alternative applications for existing technologies. It's a sealed container which appears to be filled with a strange-looking substance. We couldn't reach in or break the canister open, but watching how the Goo behaves when subjected to different situations could be very educational.",start,Science,Radial,,attachRules/bulkheadProfiles,FALSE,
Squad,trussPiece1x,Modular Girder Segment,Maxo Construction Toys,New! Build the structure of your dreams with the Maxo Construction Toys Modular Girder Segment!,start,Structural,Radial,,attachRules/bulkheadProfiles,FALSE,
Squad,parachuteSingle,Mk16 Parachute,,"The Mk16 Parachute might be considered by some to be little more than a random stitching together of the surplus parts it is, in fact, made from. But the fact remains that the Mk16 has been widely accepted as a generally better alternative to being in freefall.",start,Utility,Radial,,attachRules/bulkheadProfiles,FALSE,
Squad,mk1pod,Mk1 Command Pod,Kerlington Model Rockets and Paper Products Inc,"Originally built as a placeholder for a demonstration mock-up of a rocket, the Mk1 Command Pod was heralded as a far safer and more reliable option than its predecessors by rocket scientists throughout the world. It is now commonly seen in active service.",start,none,Small,1.25,bulkheadProfiles,TRUE,category=none
Squad,solidBooster_sm,"RT-5 ""Flea"" Solid Fuel Booster",,"While considered by some to be little more than ""a trash bin full o' boom"", The RT-5 can be seen in use at many space programs, perhaps possibly because it is the only option for many space programs, but nevertheless, this small booster provides a nice kick to lift small payloads to considerable heights. Use with caution, though. Once lit, solid fuel motors cannot be put out until the fuel runs out.",start,none,Radial,,attachRules/bulkheadProfiles,TRUE,category=none
SquadExpansion,kv1Pod,KV-1 'Onion' Reentry Module,Probodobodyne Inc,The design bureau cried when the finance department cried “that’s your lot!”,start,Pods,Small,1.25,bulkheadProfiles,FALSE,
Squad,wingStrake,Wing Strake,C7 Aerospace Division,Strakes are like sideburns for your plane. The girls will fall for you!,supersonicFlight,Aero,Radial,,attachRules/bulkheadProfiles,FALSE,
Squad,structuralWing,Structural Wing Type A,C7 Aerospace Division,"This wing has been constructed out of surplus wing components. Comes complete with ""like new"" finish. Intended uses include very large canards, and leading edges of larger delta wings.",supersonicFlight,Aero,Radial,,attachRules/bulkheadProfiles,FALSE,
Squad,mk2Cockpit_Standard,Mk2 Cockpit,C7 Aerospace Division,"Fits not one, but two Kerbals! This spearhead-shaped new Mk2 design from the lovable folks over at the C7 Aerospace Division should help you pierce the great blue yonder known as the Sky.",supersonicFlight,Pods,MK2,,bulkheadProfiles,FALSE,
Squad,turboJet,"J-404 ""Panther"" Afterburning Turbofan",C7 Aerospace Division,A high performance jet engine with a variable geometry thrust vectoring nozzle and an afterburner for extra thrust.,supersonicFlight,Engine,Small,1.25,bulkheadProfiles,FALSE,
Squad,mk2_1m_Bicoupler,Mk2 Bicoupler,C7 Aerospace Division,One engine is not enough? We got you covered!,supersonicFlight,Propulsion,Radial,,attachRules/bulkheadProfiles,FALSE,
Squad,mk2SpacePlaneAdapter,Mk2 to 1.25m Adapter,C7 Aerospace Division,Generic Mk2 to Mk1 adapter.,supersonicFlight,Propulsion,Radial,,attachRules/bulkheadProfiles,FALSE,
Squad,mk2FuselageShortLFO,Mk2 Rocket Fuel Fuselage Short,C7 Aerospace Division,"This airframe fuselage features the latest in lifting technology. Not only does it stay together during flight, its sleek design makes your plane just that much speedier! Now comes with at least 100% more Oxidiser.",supersonicFlight,Propulsion,Radial,,attachRules/bulkheadProfiles,FALSE,
Squad,mk2FuselageShortLiquid,Mk2 Liquid Fuel Fuselage Short,C7 Aerospace Division,"This airframe fuselage features the latest in lifting technology. Not only does it stay together during flight, its sleek design makes your plane just that much speedier! Only carries Liquid Fuel.",supersonicFlight,Propulsion,Radial,,attachRules/bulkheadProfiles,FALSE,
Squad,mk2CargoBayS,Mk2 Cargo Bay CRG-04,C7 Aerospace Division,"Ever wanted to deploy small items into space such as Cubesats, ion-powered Probes or Kerbals? This is just the part for you! (Disclaimer: C7 Aerospace does not condone the deployment of Kerbals into space via Cargo Bays.)",supersonicFlight,Payload,MK2,,bulkheadProfiles,FALSE,
Squad,HeatShield0,Heat Shield (0.625m),O.M.B. Demolition Enterprises,A tiny structural heat shield,survivability,Thermal,Tiny,0.625,bulkheadProfiles,FALSE,
Squad,HeatShield1,Heat Shield (1.25m),O.M.B. Demolition Enterprises,A small structural heat shield with an integrated fairing,survivability,Thermal,Small,1.25,bulkheadProfiles,FALSE,
Squad,sensorBarometer,PresMat Barometer,Probodobodyne Inc,A device for measuring the local atmospheric pressure. Warranty void if exposed to air.,survivability,Science,Radial,,attachRules/bulkheadProfiles,FALSE,
Squad,radPanelSm,Radiator Panel (small),Probodobodyne Inc,A radially attachable radiator panel to help dissipate heat into space.,survivability,Thermal,Radial,,attachRules/bulkheadProfiles,FALSE,
Squad,miniLandingLeg,LT-05 Micro Landing Strut,Moving Parts Experts Group,"A small landing leg designed for space probes or lightweight landers. Basically made of toothpicks... erm, Space-grade toothpicks mind you, but be careful with them anyway.",survivability,Ground,Radial,,attachRules/bulkheadProfiles,FALSE,
Squad,radialDrogue,Mk12-R Radial-Mount Drogue Chute,,"The Mk12-R is a half sized radial mount version of the Mk25. This ""Drogue"" parachute is small, deploys high up, and certainly not enough to stop you smashing into the ground on its own, but useful for slowing craft down before the deployment of your main chutes.",survivability,Utility,Radial,,attachRules/bulkheadProfiles,FALSE,
Squad,parachuteRadial,Mk2-R Radial-Mount Parachute,,"A parachute comparable to the Mk16 chute, but which is placed radially instead of attached on top of something.",survivability,Utility,Radial,,attachRules/bulkheadProfiles,FALSE,
Squad,ServiceBay_125_v2,Service Bay (1.25m),,"A heat resistant service bay, ideal for protecting delicate instruments or stowing small service components such as RCS tanks, batteries, etc.",survivability,Payload,Small,1.25,bulkheadProfiles,FALSE,
Squad,ServiceBay_125,Service Bay (1.25m),,"A heat resistant service bay, ideal for protecting delicate instruments or stowing small service components such as RCS tanks, batteries, etc.",survivability,none,Small,1.25,bulkheadProfiles,TRUE,category=none
SCANsat,scansat-recon-worldview-3-1,VS-3 Advanced High Resolution Imager,SCAN: Scientific Committee on Advanced Navigation,"The pinnacle of Kerbal non-government high-resolution observation, this large and expensive imager produces high detail colour images and can identify unique surface features. Uses a small amount of power and functions only in lit situations.",unmannedTech,Science,Radial,,attachRules/bulkheadProfiles,FALSE,
Squad,probeCoreCube,Probodobodyne QBE,Probodobodyne Inc,"QBE is Probodobodyne's latest development in probe miniaturization. Despite its diminutive size, the QBE is a fully-functional and incredibly lightweight command unit. All this goodness comes at a price however: The QBE's tiny enclosure means there is no room for internal reaction wheels, and battery capacity is pitiful at best. Despite all this, or perhaps because of it, many engineers have found it to be ideally suited for those 'optional return' missions.",unmannedTech,Pods,Tiny,0.625,bulkheadProfiles,FALSE,
Squad,probeCoreOcto2_v2,Probodobodyne OKTO2,Probodobodyne Inc,"The OKTO2 is far more than a flatter variant of the original OKTO. This new iteration of the ubiquitous 8-sided probe core features a much more advanced guidance system. This new model however, does not feature built-in reaction wheels and does requires more power to run, even on standby. Its internal battery supply is also very limited, being intended mainly to keep the Standby LEDs lit.",unmannedTech,Pods,Tiny,0.625,bulkheadProfiles,FALSE,
Squad,probeCoreCube,Probodobodyne QBE,Probodobodyne Inc,"QBE is Probodobodyne's latest development in probe miniaturization. Despite its diminutive size, the QBE is a fully-functional and incredibly lightweight command unit. All this goodness comes at a price however: The QBE's tiny enclosure means there is no room for internal reaction wheels, and battery capacity is pitiful at best. Despite all this, or perhaps because of it, many engineers have found it to be ideally suited for those 'optional return' missions.",unmannedTech,Pods,Tiny,0.625,bulkheadProfiles,FALSE,
Squad,probeCoreOcto2,Probodobodyne OKTO2,Probodobodyne Inc,"The OKTO2 is far more than a flatter variant of the original OKTO. This new iteration of the ubiquitous 8-sided probe core features a much more advanced guidance system. This new model however, does not feature built-in reaction wheels and does requires more power to run, even on standby. Its internal battery supply is also very limited, being intended mainly to keep the Standby LEDs lit.",unmannedTech,none,Tiny,0.625,bulkheadProfiles,TRUE,category=none
SCANsat,SCANsat_Scanner32,SCAN Been There Done That®,SCAN: Scientific Committee on Advanced Navigation,"This small sensor can automatically identify nearby anomalies. Since it only works over very short distances and at very low altitudes, it's primarily useful to track identified anomalies that have been visited.",Unresearcheable,none,Radial,,attachRules/bulkheadProfiles,TRUE,category=none
SCANsat,SCANsat_Tracker,SCAN MapTraq®,SCAN: Scientific Committee on Advanced Navigation,"Originally intended for the consumer market, this small device can communicate with a mapping satellite network and display a map and your position on it. Since nobody has actually built such a satellite network, these devices can currently be acquired very cheaply in bulk.",Unresearcheable,none,Radial,,attachRules/bulkheadProfiles,TRUE,category=none
SCANsat,SCANsat_Scanner24,SCAN Multispectral Sensor,SCAN: Scientific Committee on Advanced Navigation,"This multichannel sensor detects radiation across several infrared, visible light, and RADAR bands. This gives it the capability to differentiate between terrain types and biomes. It can also detect anomalies such as structures on the ground.",Unresearcheable,none,Radial,,attachRules/bulkheadProfiles,TRUE,category=none
SCANsat,SCANsat_Scanner,SCAN RADAR Altimetry Sensor,SCAN: Scientific Committee on Advanced Navigation,"SCAN brings you this high performance RADAR altimetry sensor. This is the entry-level model in this sensor family, and commonly sold in a bundle with toy rockets and remote-controlled model planes. After focus group testing revealed that 95% of the target audience tried to duct tape it to the exhaust pipe of their rocket engines, this new and improved model has been made even easier to use.",Unresearcheable,none,Radial,,attachRules/bulkheadProfiles,TRUE,category=none
SCANsat,SCANsat_Scanner2,SCAN SCAN SAR Altimetry Sensor,SCAN: Scientific Committee on Advanced Navigation,"This Synthetic Aperture RADAR sensor uses its flight path to simulate a much larger antenna. This makes it possible to detect terrain elevation at much higher resolution. The downside is that its field of view is comparatively small, and it works better at higher altitudes.",Unresearcheable,none,Radial,,attachRules/bulkheadProfiles,TRUE,category=none
Squad,PotatoComet,A potato like comet,The Solar system,"Big ole, rock like thing.",Unresearcheable,none,Radial,,attachRules/bulkheadProfiles,TRUE,category=none
Squad,PotatoRoid,A potato like rock,The Solar system,"Big ole, rock like thing.",Unresearcheable,none,Radial,,attachRules/bulkheadProfiles,TRUE,category=none
ReStockPlus,restock-engine-galleon-1,UR-1 'Galleon' Liquid Fuel Engine,Universal Paperclips,"Set sail on the winds of space with your first stage propelled by the might of the Galleon! A modern ship of the line, this engine is a powerful booster.",veryHeavyRocketry,Engine,Radial,,attachRules/bulkheadProfiles,FALSE,
ReStockPlus,restock-engine-schnauzer-1,UR-137 'Schnauzer' Liquid Fuel Engine,Universal Paperclips,"The Schnauzer has a large snout - er, bell, and as such functions majestically as a upper stage engine.",veryHeavyRocketry,Engine,Radial,,attachRules/bulkheadProfiles,FALSE,
ReStockPlus,restock-engine-boar,KR-1 'Boar' Liquid Fuel Engine,Kerbodyne,"The single Boar is slightly more efficient than its dual counterpart, and provides, logically, half the thrust. Due to a less integrated set of mounting points, there is a slight decrease in raw thrust-to-weight ratio.",veryHeavyRocketry,Engine,Radial,,attachRules/bulkheadProfiles,FALSE,
ReStockPlus,restock-engine-375-corgi,KR-10A 'Corgi' Liquid Fuel Engine Cluster,Kerbodyne,"Kerbodyne engineers have discovered that clustering can be an effective solution when you need more thrust, and don't want to add more boosters. This upper stage engine is very efficient as it takes advantage of a set of four lovingly handcrafted engines.",veryHeavyRocketry,Engine,Radial,,attachRules/bulkheadProfiles,FALSE,
Squad,SSME,"S3 KS-25 ""Vector"" Liquid Fuel Engine",Kerbodyne,"Kerbodyne's flagship engine, the KS-25 excels as a first stage engine through its high thrust-to-weight ratio and exceptional sea level efficiency. Kerbodyne engineers achieved this by running the engine in a staged combustion cycle and at extremely high chamber pressures. Special new alloys had to be invented to suppress the engine's tendency to become a bomb. The single version is designed with very durable components and high reusability, as well as higher gimbal range, but because of that is also heavier than its expendable counterpart used in first stage clusters.",veryHeavyRocketry,Engine,Radial,,attachRules/bulkheadProfiles,FALSE,
Squad,Size3AdvancedEngine,"Kerbodyne KR-2L+ ""Rhino"" Liquid Fuel Engine",Kerbodyne,"This engine is Kerbodyne's first attempt at a highly advanced engine. The engineers couldn't get it to produce full efficiency at sea level without the engine exploding, so it was repurposed as an upper stage engine. The experience gained here with high efficiency has been repurposed for later models, which feature multiple combustion chambers at higher pressure (that don't go boom). This engine is optimized for lighting mid-flight, although it still provides respectable power at sea level.",veryHeavyRocketry,Engine,XL,3.75,bulkheadProfiles,FALSE,
Squad,Size3EngineCluster,"S3 KS-25x4 ""Mammoth"" Liquid Fuel Engine",Kerbodyne,"Kerbodyne engineers got fed up with having to contend with overly complicated staging arrays for lifting heavy payloads, and decided instead to just build a truly enormous engine of the highest efficiency. Strapping together four of Kerbodyne's KS-25 rocket motors in a single assembly, they created the largest rocket engine in production anywhere, and each KS-25 has the highest chamber pressure--the reason for four small nozzles and combustion chambers, not one big one (those kept going boom). It's certainly got the power to match its size, and although it excels in its main role as a first-stage engine, the lack of structural hardpoints on its underside makes it quite less suitable for other purposes. Its price tag also seems to match its size, in fact.",veryHeavyRocketry,Engine,XL,3.75,bulkheadProfiles,FALSE,
Squad,Clydesdale,"S2-33 ""Clydesdale"" Solid Fuel Booster",Kerbodyne,The Clydesdale is not surprising just for its size. It's also amazing just how much thrust comes out of this motor - nothing else in its size class comes close.,veryHeavyRocketry,Engine,Radial,,attachRules/bulkheadProfiles,FALSE,
SquadExpansion,LiquidEngineKE-1,"Kerbodyne KE-1 ""Mastodon"" Liquid Fuel Engine",Kerbodyne,"Considered to be the behemoth of rocket technology, this propulsion system is the pinnacle of power.",veryHeavyRocketry,Engine,Radial,,attachRules/bulkheadProfiles,FALSE,
SquadExpansion,LiquidEngineRE-J10,"RE-J10 ""Wolfhound"" Liquid Fuel Engine",Rockomax Conglomerate,"Woof! With the largest bell for its size, this upper stage engine will leave your ears ringing.",veryHeavyRocketry,Engine,Large,2.5,bulkheadProfiles,FALSE,
Squad,flag,,,,,,,,,FALSE,
Squad,kerbalEVA,,,,,,,,,FALSE,
Squad,kerbalEVAfemale,,,,,,,,,FALSE,
Squad,kerbalEVASlimSuit,,,,,,,,,FALSE,
Squad,kerbalEVASlimSuitFemale,,,,,,,,,FALSE,
SquadExpansion,kerbalEVAfemaleVintage,,,,,,,,,FALSE,
SquadExpansion,kerbalEVAVintage,,,,,,,,,FALSE,
SquadExpansion,kerbalEVA,,,,,,,,,FALSE,
SquadExpansion,kerbalEVAfemale,,,,,,,,,FALSE,
SquadExpansion,kerbalEVAfemaleFuture,,,,,,,,,FALSE,
SquadExpansion,kerbalEVAfemaleVintage,,,,,,,,,FALSE,
SquadExpansion,kerbalEVAFuture,,,,,,,,,FALSE,
SquadExpansion,kerbalEVASlimSuit,,,,,,,,,FALSE,
SquadExpansion,kerbalEVASlimSuitFemale,,,,,,,,,FALSE,
SquadExpansion,kerbalEVAVintage,,,,,,,,,FALSE,